,Continent,GDP_Capita,IncomeGroup,Area,Total_Edge_Length,Density,Edge_No,Ave_Path_Length,Assortativity,Diameter,Max_Degree,max_5perc_isolated,max_10perc_isolated,max_20perc_isolated,mean_5perc_isolated,mean_10perc_isolated,mean_20perc_isolated,min_5perc_isolated,min_10perc_isolated,min_20perc_isolated,max_5perc_surloss_e2,max_10perc_surloss_e2,max_20perc_surloss_e2,mean_5perc_surloss_e2,mean_10perc_surloss_e2,mean_20perc_surloss_e2,min_5perc_surloss_e2,min_10perc_surloss_e2,min_20perc_surloss_e2,areaLog,edgeLog,edgeAreaLog
Aruba,Central-America,29007.693,High income,181.8430308646269,303637.3871845743,0.0060644121770351,956,15.640747013784486,-0.0150523684294388,40,10,2.0,5.878787878787879,33.071717171717175,0.13979797979797978,1.2628282828282829,11.716060606060605,0.0,0.0,0.0,9.128263570546844,19.73256200386403,56.86858549312461,4.775233880305983,11.64329629091535,36.12856601777333,1.2481245681037985,5.181960751079139,21.224844480764734,5.2031438471607,12.623589463115993,7.420445615955292
Afghanistan,Asia,502.1154869,Low income,645838.7991077955,98322315.44182897,0.0001007568405583,36088,109.05715805626296,0.0948353423698276,326,11,40.620202020202015,74.14444444444445,99.2121212121212,24.28848484848485,56.881313131313135,98.27,11.695959595959595,40.81919191919192,97.04949494949494,72.07194597332332,96.12283834666938,99.99218318771617,55.89340750901543,83.76098841285973,99.68340857189723,41.566076093148304,71.27228716799725,98.69778121393684,13.378305214640369,18.40376157300404,5.025456358363672
Angola,Africa,2973.59116,Lower middle income,1251923.6332830794,41317289.80458367,0.0005311724286793,8859,54.66858144164238,0.1355152562557388,130,13,19.155555555555534,47.810101010100986,92.66868686868686,10.687676767676766,26.16181818181818,82.49757575757576,2.0,11.696969696969695,63.590909090909086,94.18219585288776,99.52282941529036,99.97337467815672,83.47145012932562,95.96411255033794,99.64280509661602,69.6087055194145,90.93884646905543,98.16691679064508,14.040191833001575,17.53679160966243,3.496599776660855
Anguilla,Central-America,21068,Upper middle income,83.23686529436027,72264.93657432344,0.066938775510204,82,6.4,-0.2175964474049408,17,8,33.33333333333333,48.0,71.73333333333332,4.093333333333333,14.338333333333333,41.97166666666667,0.0,0.0,0.0,26.820516273555004,54.33233354395935,86.2323477164341,9.887307389392964,22.946045383377072,52.45585979267574,0.0030393974207077873,2.517774666850685,20.536606330920797,4.42169034217097,11.18809431920074,6.7664039770297695
Albania,Europe,5352.857411,Upper middle income,28717.488344159905,8194039.920706451,0.0007992356582062,5772,50.82041083371412,0.0444216503422369,176,12,24.343434343434343,56.75353535353534,90.3939393939394,12.424949494949495,32.62353535353535,78.7689898989899,3.97979797979798,17.19191919191919,63.898989898989896,49.83133269252596,72.31274951407386,97.4760841092303,40.10312624118035,60.669612143879895,86.47463120098595,29.05895675355189,49.749729337959415,78.10779439092678,10.265261566140131,15.918917609020758,5.653656042880626
Andorra,Europe,40886.39116,High income,451.74200976633006,313069.9070477983,0.0104761904761904,473,23.63145071982281,-0.074576143895158,73,10,36.65959595959595,58.31111111111109,80.6,15.605555555555556,31.253434343434346,63.76323232323232,0.0,5.91919191919192,39.945454545454545,40.28581393851515,56.14350001093929,88.03260883330493,18.02410011133559,34.00614013744799,61.382919490383564,1.6303450560904094,12.72497653800267,36.44034553062573,6.113111242025003,12.654181789785097,6.5410705477600946
United Arab Emirates,Asia,43103.32306,High income,71294.33504006521,21520917.51726825,0.000117538447982,47076,77.2155602179273,0.112614934872928,256,18,11.676767676767676,34.767676767676576,78.34545454545454,4.792121212121213,15.889595959595958,61.093737373737376,0.0,3.97979797979798,39.33333333333333,57.01317447286924,75.21136029412813,95.26788590214345,50.57822958253474,68.97032203712669,88.6627954768243,43.481831116814206,63.36758976602835,84.61390133280729,11.17457215079237,16.88453592790978,5.70996377711741
Argentina,South-America,10006.14897,High income,2788217.5695466255,203534692.19307283,4.558329033036018e-05,110573,130.2677867321767,0.0603255670876217,416,12,11.696969696969695,27.700000000000003,84.85555555555555,6.865151515151515,17.838383838383837,71.16919191919192,2.0,9.7979797979798,57.33434343434344,93.14376882734115,97.95110799998774,99.87296336691792,88.5927111980272,96.2241038196567,99.37294523421991,83.39127246984249,94.1176378412638,98.84697121486673,14.840913085675226,19.131347025924505,4.2904339402492795
Armenia,Asia,4622.733493,Upper middle income,29669.474273066295,9772087.228996484,0.0006287921606854,6982,42.95438933312008,0.1043933520498562,120,8,34.59797979797979,52.918181818181786,87.8141414141414,14.617676767676766,35.355858585858584,76.22414141414141,2.0,15.433333333333334,62.10606060606061,65.0842200227256,78.27817390708414,93.52289582196225,56.43590102434797,73.2334845127549,87.83149098737339,45.452972721403405,66.98632577588161,82.98466049726025,10.2978739939862,16.095040637742,5.7971666437558
American Samoa,Oceania,11466.69071,Upper middle income,223.27625795982456,118359.51355942158,0.0608695652173913,63,6.417391304347826,0.2489270386266094,16,6,50.32258064516129,69.74193548387095,86.03225806451611,20.93548387096774,39.32795698924731,71.46774193548387,0.0,6.451612903225806,44.096774193548384,53.8896092929486,79.29285565596425,96.8393632944486,18.994333468677915,38.10583559857054,76.61849153543244,0.61760250036008,3.7688801126263884,36.02407487853547,5.408409829681609,11.68148199666641,6.273072166984801
Antigua & Barbuda,Central-America,17790.30931,High income,435.63753293644277,229873.18680434875,0.0168625146886016,287,10.107285546415982,-0.054805941705945,27,6,12.303485987696511,14.866712235133289,30.111073137388928,2.2981886534518114,4.832706766917293,12.757689678742311,0.0,0.0,0.0,14.541857444522813,22.757507979264457,39.86289179031554,5.1035347094110675,10.931601710881296,24.37108130020051,0.721528581065363,3.1509263130892204,12.142366064144753,6.076810551112859,12.345283074129341,6.268472523016483
Australia,Oceania,54907.10191,High income,7884562.122102202,9228075.926399097,0.0010463571270391,4536,38.95143597290913,0.0354531552412133,103,9,9.77777777777778,20.8161616161616,69.2868686868686,2.8484848484848486,8.830202020202021,44.889797979797976,0.0,0.0,20.80606060606061,88.91326772193365,96.81706796645274,99.81581601411085,76.32987814741286,90.34619467563446,98.17400185675461,58.663101864523654,81.78005027856514,95.61185683113631,15.88041724381281,16.037761126070183,0.15734388225737445
Austria,Europe,50277.27509,High income,83836.40509991841,44807016.18842584,9.363417139474383e-05,48471,93.21702722812392,0.0258621031550953,306,11,15.517171717171689,47.99494949494947,70.2131313131313,8.578585858585859,27.633333333333336,61.50545454545455,2.0,11.582828282828284,52.24141414141415,75.3698835384678,92.10103669753298,99.11949204438784,67.59847505675798,85.15908417235592,97.26459315853295,59.05891923707361,79.34949428366176,95.38147629518934,11.33662262053346,17.617875296471727,6.281252675938269
Azerbaijan,Asia,4793.58702,Upper middle income,86288.10797858908,1273938.8966832536,0.0054419430600905,760,23.58381308357679,0.0888975131616113,62,7,51.63838383838384,68.22828282828281,89.3030303030303,17.464747474747472,39.33171717171717,76.30979797979798,2.0,13.362626262626266,53.060606060606055,61.67244508414632,82.1995474601701,97.57592760466832,29.415452345970813,52.78305342425684,85.71827836055449,10.888869423442646,29.180382189100392,65.78655299564019,11.365447068950566,14.057624152176958,2.6921770832263916
Burundi,Africa,261.2474725,Low income,26983.902711806455,13680832.680570692,0.0008959448518927,5074,37.68710282618158,0.0458443378298193,108,8,7.858585858585859,15.317171717171714,40.797979797979785,3.017171717171717,7.125959595959596,26.12222222222222,0.0,0.0,13.555555555555555,16.451316776363495,28.913919505706456,67.37764792800783,8.799643790835752,18.649022508021808,48.0418229743731,4.337784550393592,10.883927640125169,34.741786988738774,10.202995771332024,16.43150633676904,6.2285105654370145
Belgium,Europe,46116.69923,High income,30696.378978640474,34749517.40225929,7.205686549309302e-05,65778,74.51655690137802,0.0796866100290765,202,10,7.878787878787878,11.789898989898957,34.54545454545455,3.225858585858586,7.5196969696969695,25.16030303030303,0.0,2.0,15.434343434343434,52.1027091806392,74.32402121581387,96.29114179403646,41.486306614592785,66.36519677210502,92.90323698430711,32.15296552445379,57.903085909465446,89.17102462707057,10.331899978040322,17.36367624217387,7.0317762641335495
Benin,Africa,1219.432672,Low income,115359.1293343792,13447494.236810548,0.0011183349568669,4172,46.42531361361045,0.0734302108967777,128,10,18.95454545454545,59.67676767676768,86.55252525252526,9.686666666666666,27.395353535353532,73.46020202020202,2.0,9.7979797979798,50.93939393939394,66.78029327349536,86.81958397513061,99.11866232954564,45.89686813110907,70.04090714161876,92.44860770702859,28.504197163153215,57.41421445789671,81.42358160139489,11.655805405111474,16.414303344559862,4.758497939448388
Burkina Faso,Africa,774.8396902,Low income,273615.4120845791,19910442.696962077,0.0014954247969224,3153,29.17428504892975,0.0899927845923289,72,10,11.676767676767676,26.017171717171692,68.87878787878788,4.882929292929293,13.158181818181818,48.30141414141414,0.0,3.97979797979798,27.485858585858594,33.2471563238042,51.22955893679976,82.20925128752442,23.651339104040193,41.658618865473365,71.76923854423453,14.44482354274294,31.811487201027024,61.13370840715972,12.519478793862508,16.806754910698363,4.287276116835856
Bangladesh,Asia,1855.739824,Lower middle income,139583.5884409724,30846485.560849648,0.0002638799268309,14509,89.61202115746295,0.0567855268689347,247,13,60.77979797979796,74.8919191919192,95.87878787878788,23.10818181818182,47.207979797979796,90.7309090909091,7.878787878787878,24.358585858585858,81.78585858585859,78.84835972491845,89.68924724249499,98.93945506303697,51.11817999036923,74.86572705283146,95.63083771213314,36.661608548669854,62.361354528766775,91.23493255468726,11.84641890108845,17.24453338159449,5.39811448050604
Bahrain,Asia,23503.97713,High income,714.5887280107007,1422004.6219869724,0.0009904291907535,5536,30.231478652100297,0.0745645851998475,77,10,3.97979797979798,9.676767676767676,34.14343434343434,0.8653535353535353,2.784949494949495,17.05909090909091,0.0,0.0,5.9393939393939394,12.60974675394361,25.917721235600702,59.28375812324539,8.606368898723765,19.839635731790743,46.26473860809139,4.889137809334686,14.15400962488467,37.02172371248978,6.571707171620374,14.167578139682497,7.5958709680621235
The Bahamas,Central-America,32933.48601,High income,13397.840998394413,333736.2365101186,0.0081021087680355,730,13.745882352941177,0.0500997371346324,40,10,5.878787878787879,9.839393939393911,29.275757575757552,0.8694949494949494,2.594949494949495,11.672222222222222,0.0,0.0,0.0,13.78105442159195,23.523323471326087,48.91497232177206,5.888874267789192,13.362224437252094,34.590177520614276,1.3868581684134371,6.260577706075164,22.538517849274896,9.502848853435053,12.718106248925256,3.2152573954902026
Bosnia & Herzegovina,Europe,6073.265203,Upper middle income,51096.97220891755,12463352.479213454,0.0008210437028359,5889,36.97490609373645,-0.0118788595770316,97,10,7.878787878787878,15.394949494949493,64.410101010101,3.153737373737374,7.69939393939394,36.33737373737374,0.0,2.0,19.090909090909093,42.208503018735634,62.00089109130868,98.65279321881074,30.576071763476925,51.848984492478785,84.64313299403935,19.39075400015129,42.829213348741554,74.91671029579602,10.841480522164638,16.338303094460535,5.496822572295896
Belarus,Europe,6663.295293,Upper middle income,207031.8692805001,75187397.0952136,9.050494118084866e-05,44701,98.10494782380322,0.047394641497106,260,12,15.434343434343434,27.87878787878788,79.81919191919192,9.212727272727273,20.02767676767677,65.64464646464647,3.97979797979798,11.696969696969695,52.48282828282829,58.06409184768301,76.88719107912092,99.99019232810248,49.42654085292422,69.35722000511666,95.57902456336328,41.686530435138,61.85662239411276,91.46750999206384,12.240628018274021,18.13549418305602,5.894866164782002
Belize,Central-America,4815.163711,Upper middle income,21989.934536428784,2053679.0006981764,0.0048934285267601,939,29.12305487518891,0.0889915837446465,72,8,71.99191919191918,82.19797979797978,92.32828282828282,38.282929292929296,62.03363636363636,85.35767676767676,3.97979797979798,22.461616161616163,73.02929292929294,86.87130838999329,96.3131193032091,99.14880160201115,50.40255548296077,75.87024841193704,94.81346367698798,13.433571679895202,41.68229672503988,85.94664232649416,9.998340106574334,14.535143377169113,4.536803270594779
Bermuda,North-America,85748.06541,High income,68.05481883713094,139408.30964319408,0.0117636412994299,390,15.13543269085754,0.2091136824525727,45,4,25.57377049180328,29.188524590163933,60.278688524590144,4.860655737704918,10.295628415300547,28.88005464480874,0.0,0.0,3.278688524590164,30.644964156912714,46.904554879721076,82.67254506842957,14.130609047440332,27.05293801809375,55.039605886596256,1.2462455209854386,9.368132675185647,28.009179018343563,4.220313539773748,11.845162385597906,7.6248488458241575
Brazil,South-America,8717.186278,Upper middle income,8705313.825675724,664963813.0280607,7.542545213172202e-06,653751,331.9531889408852,0.144179502651333,930,16,17.36060606060603,36.230303030303006,98.96969696969695,10.691515151515153,24.790202020202017,97.71020202020202,3.97979797979798,15.434343434343434,95.42929292929294,99.69407563862808,99.99760808543027,99.99999999999976,93.8940269671935,98.90294906167483,99.99488211719421,91.04513239903034,97.95552630571942,99.994866047034,15.97944418173227,20.31524318064034,4.335798998908071
Barbados,Central-America,18148.24493,High income,435.1182895156155,603689.8520893592,0.0050958252859901,1029,16.90522458277621,-0.0620419379313787,42,12,2.0,5.878787878787879,33.17474747474748,0.23787878787878788,1.3549494949494951,12.377575757575757,0.0,0.0,2.0,6.988598845032732,16.562431567952565,52.1262251984241,4.115879336380769,10.171480772039153,31.037588343375038,1.845528388371612,5.487751967962579,18.36468476774916,6.075617924043399,13.310815855117577,7.235197931074176
Brunei,Asia,31086.75108,High income,5782.184621593482,1519438.0546593172,0.0016506159986118,3044,33.972954624327606,-0.0085743668205062,97,12,26.11626468769324,53.21995464852606,82.34075448361163,9.533601319315606,20.04844361987219,59.49196042053185,0.0,2.0202020202020203,27.4788703360132,39.42285028585336,55.37874016276004,85.12892564233748,19.403060099713432,38.83110648486385,72.0148837136583,9.280392225172086,24.42352086182277,60.699135732270626,8.662536852470105,14.233851123584213,5.571314271114108
Bhutan,Asia,3243.231126,Lower middle income,38800.1403225656,2782745.684573829,0.0103375298458866,381,20.502333405687,0.1164549304295215,54,8,48.155676001204455,72.36525143029206,87.21619993977717,21.22583559168925,41.76663655525444,72.60027100271003,2.4390243902439024,9.42938873833183,51.635049683830175,82.81442554518009,93.97097603090235,98.41338826493028,53.896983675391255,75.78142183065903,91.7597174341432,5.016353755351478,44.86768995788718,76.76290775882886,10.566179142165794,14.83894865457674,4.272769512410946
Botswana,Africa,7961.33814,Upper middle income,579274.3684933373,19880416.099160504,0.0010779211770435,4553,35.33456466828651,0.0319097144437596,91,8,20.568686868686864,42.59191919191918,86.83939393939394,7.092424242424243,20.057070707070707,70.66333333333333,0.0,5.822222222222225,40.545454545454554,82.72972053106841,91.33863372991009,98.87951856551389,67.45087727605734,84.88279798288718,95.14181057162192,45.67528787570434,75.883391180991,92.07519915074627,13.269531510453055,16.805245689514933,3.535714179061879
Central African Republic,Africa,467.9074406,Low income,621569.7779342877,17502475.057971094,0.0029252116397361,1302,27.445589266135844,-0.0008185070822905,72,8,44.64444444444443,65.27777777777776,92.56969696969696,15.618383838383838,39.14949494949495,82.90171717171717,2.0,15.414141414141412,63.11313131313131,58.67813460760007,96.3619734638538,99.78750181023469,32.70899581122183,61.51214924002421,93.83723770338999,15.541666512780422,39.942509635960114,77.52073083975058,13.34000345705676,16.67785286077726,3.3378494037204995
Switzerland,Europe,81993.72715,High income,41222.252979549994,25654903.353493225,0.0001410528687195,33904,78.50272784657339,0.0047830576496374,214,10,15.375757575757575,26.141414141414145,61.57676767676767,7.69010101010101,16.984545454545454,49.39222222222222,2.0,9.7979797979798,37.60000000000001,72.92595550754488,89.850209477298,99.78204372076895,60.48904108486693,84.0165318587195,98.43323411464164,48.96189001425655,77.04759012134042,96.63252114792513,10.62673351038771,17.060245275190447,6.433511764802734
Cote d'Ivoire,Africa,2286.162777,Lower middle income,322250.94024766097,22639346.409746926,0.0008946210906922,5400,36.017690966397865,0.0315177015881955,85,10,9.77777777777778,24.36767676767675,69.95555555555552,3.87,11.547575757575757,45.55707070707071,0.0,3.8616161616161637,26.141414141414145,31.628335822796434,50.80640686519641,99.76929334242878,23.204864822358147,40.630454141795646,79.95511449565443,15.290506185893275,30.974896760934605,64.05976519667149,12.683085838555629,16.93519994205511,4.2521141034994825
Cameroon,Africa,1497.909176,Lower middle income,466832.1234016613,42831486.970061,0.0004086163796794,11123,55.95453252842433,0.0634295460641845,185,13,28.35050505050483,61.59494949494948,91.52525252525253,11.033333333333333,31.194444444444443,81.28868686868687,2.0,9.7979797979798,61.04040404040404,87.03095963859005,97.90155595211773,99.86474630404831,76.12249604627195,90.91943167580342,98.63578975049047,64.67460910653394,84.5978496892974,96.19628794008662,13.053724993225744,17.57278406694503,4.519059073719284
"Congo, DRC",Africa,545.2162123,Low income,2343190.892749755,70861417.78815249,0.0005381140765512,7406,104.0881336545742,0.0764872222859312,289,10,72.51212121212122,88.16868686868688,97.96060606060605,49.212020202020206,77.91444444444444,96.33232323232323,13.574747474747477,61.47171717171717,93.95757575757575,95.37931641414433,99.47372491023351,99.96896444576018,81.95467288663026,96.87627940507073,99.83604024596897,59.458426920914256,91.78050556904752,99.4708701176389,14.667024187815931,18.076236665501643,3.4092124776857102
Congo,Africa,2011.072399,Lower middle income,341752.84399627335,10309172.47918418,0.0029515888966439,1755,27.766832886250302,-0.0471035485612485,68,9,37.89393939393939,54.49393939393934,85.37373737373737,9.841111111111111,25.02121212121212,68.02595959595959,0.0,5.9393939393939394,41.55555555555556,85.09222471141429,94.84981291444119,99.47824419394394,69.12794323398204,86.94724682822752,97.23112609683521,45.02734816050897,77.11464259250782,93.28413393426007,12.741843076413378,16.14854458887116,3.4067015124577833
Cook Is.,Oceania,20240,Lower middle income,261.28039079990174,68788.56567191449,0.0370051635111876,129,9.781411359724611,-0.0238095238095259,20,6,0.0,35.47474747474744,58.464646464646435,0.7707070707070707,2.9474747474747476,19.48030303030303,0.0,0.0,0.0,17.623541345620502,37.79177278103246,77.64209257932991,3.4949088600617717,8.826752280988597,32.44803483105376,0.02897670200520759,0.5361123927217516,2.982637442819158,5.565594124934071,11.138792813480094,5.573198688546023
Comores,Africa,1393.522372,Low income,1672.7701693878212,366370.8235016935,0.0169491525423728,267,12.710975687170698,-0.0757709251101327,28,8,21.646180860403863,50.88015803336254,74.01448639157154,4.6712028094820015,13.111720807726076,41.33428446005268,0.0,0.0,5.838454784899034,30.75348689264698,70.22207888098464,89.43848566663274,8.01312369843646,19.929888686178554,54.026423647995074,0.08473892413611839,1.6464158860054683,11.61812387095116,7.422236315212605,12.811401278430493,5.389164963217889
Cape Verde,Africa,3603.781794,Lower middle income,4098.774054366201,370269.9007110434,0.0087355594239594,552,18.19240386137047,0.0549589112570099,49,8,24.85178463399857,53.85662431941923,78.84150030248034,4.308227465214761,13.499697519661222,51.42196007259528,0.0,0.0,10.163339382940109,49.671195299512256,75.42898489910952,93.96241386959859,16.839887766524917,35.05457586034907,68.35907960055664,0.58705910342896,5.279569918000763,41.44539135355593,8.318443196849463,12.821987480073966,4.503544283224504
Costa Rica,Central-America,12238.37496,Upper middle income,51266.72126847441,8706849.636639174,0.0010881939580111,4353,32.41932165493477,0.0670165784248572,86,12,20.615151515151496,43.67878787878789,82.62727272727273,8.29050505050505,21.60090909090909,63.709595959595966,0.0,5.938383838383839,41.67070707070707,71.3834651453671,82.47430669924894,96.82445337395859,60.37287357739051,76.80984977385192,89.97873332910085,44.94582360532802,69.95581015234237,85.58276552968178,10.844797112439771,15.979620588411514,5.134823475971743
Cuba,Central-America,8821.818891,Upper middle income,110966.47794205969,19791349.727718808,0.0002603479154266,18653,102.40406586873443,0.1244391973438554,264,9,19.070707070707076,64.49090909090908,94.15050505050502,10.289090909090909,34.555454545454545,88.19626262626264,2.0,15.41212121212121,79.87474747474747,70.16056941598397,86.85931900146318,99.17157377999544,55.008245087575595,76.16933915827335,95.71324704682482,39.547646024728365,64.42482533067773,91.70682379450365,11.616983434161146,16.80075551776538,5.183772083604237
Curacao,Central-America,19573.89265,High income,437.36319169711265,421158.9535986072,0.0057294704776719,884,18.783304167476828,0.0084727232972563,63,8,26.095959595959577,30.511111111111106,48.36464646464647,4.324545454545455,9.798383838383838,28.797171717171718,0.0,0.0,7.878787878787878,12.223644062606768,21.595266725799927,51.05984708807801,5.110883933082946,10.99531087931439,31.21113643393806,1.1092688034406666,4.071480071030671,17.323953429855578,6.080763952203048,12.950765603397867,6.870001651194818
Cayman Is.,Central-America,85477.28701,High income,280.2124919332643,164933.75222328247,0.0148279252704031,377,14.086961651917404,0.006428872492484,46,8,4.3478260869565215,26.3768115942029,44.99999999999997,0.5589371980676329,2.9748792270531395,12.73913043478261,0.0,0.0,0.0,27.220901305596023,34.58111143268452,62.868225586152604,4.641411352488535,11.356283470637738,33.461140346100635,0.3110755901438278,1.4496978339333373,9.078570168848753,5.635548215112092,12.013299170582263,6.37775095547017
Cyprus,Asia,27858.371,High income,5715.258276602571,4209635.741669007,0.0008798709396339,5574,37.72165375957771,0.0804058481358394,94,14,3.97979797979798,7.971717171717139,39.94242424242424,1.5036363636363637,3.653939393939394,17.374646464646464,0.0,0.0,5.9393939393939394,41.27762550250743,60.38672410433929,89.7487656196815,30.437289478821082,49.599322225793365,80.01499644624583,21.44667948152076,40.07948915068464,68.65681180444693,8.650894767964104,15.252886679746423,6.601991911782319
Germany,Europe,46258.87829,High income,357821.87607821403,283493975.2722169,1.29039287032773e-05,375379,150.08767946507422,0.0273818220786412,411,12,5.9393939393939394,11.696969696969695,27.87878787878788,2.4762626262626264,5.953939393939394,19.1269696969697,0.0,0.0,11.696969696969695,70.37612056336167,89.98361075968523,99.37937868188267,65.25514139983626,86.79303315176118,98.71325620475993,60.34586592029185,83.6491545127248,98.22578266094138,12.787790588708193,19.462701429661884,6.674910840953693
Djibouti,Africa,3408.846254,Lower middle income,21884.985099179587,1230344.3081863287,0.0089600742804085,579,15.712395543175488,-0.0329932289921101,51,9,38.860544217686986,61.83248299319724,81.05867346938776,12.877551020408164,29.05654761904762,57.46386054421769,0.0,0.0,26.517857142857142,39.68111973657862,68.86406603952844,88.97064236740594,17.085693186153744,34.00493468722153,61.17189793663959,0.1373640436233297,7.380316762769727,34.8398890912102,9.993556068755657,14.022804613531546,4.02924854477589
Dominica,Central-America,8300.375074,Upper middle income,754.1964311469147,318149.451807182,0.0363885088919288,133,11.574008207934336,-0.072125583368689,35,8,51.85185185185185,63.29059829059827,73.23361823361823,9.423076923076923,21.143874643874643,43.941595441595446,0.0,0.0,0.0,60.24819450153999,66.16900002698954,88.07082841723005,11.282175610683453,24.094339926814317,48.25531308338,0.006000115409471823,0.5311502372938384,8.992511817026658,6.6256528528413225,12.670276525595433,6.044623672754112
Denmark,Europe,59822.09296,High income,43122.10514698171,9507301.981337894,0.0003397624910617,15356,47.418534176641714,0.1658819738625935,133,14,5.9393939393939394,11.784848484848453,39.95757575757575,2.1182828282828283,5.954343434343434,24.51313131313131,0.0,0.0,11.696969696969695,65.55063178348969,80.94071163537716,94.69365345659124,58.37427404864233,76.2814938219984,89.6360160690047,49.97681177217953,70.50243273083655,86.26321163135471,10.67179102505403,16.067570690940823,5.395779665886791
Dominican Republic,Central-America,8282.116222,Upper middle income,48093.57349098366,9121232.990723062,0.0006065096988122,8230,45.98310896282052,0.1189876390087585,106,8,39.37373737373737,48.09999999999998,83.87979797979797,15.760404040404042,30.523737373737372,68.07737373737373,2.0,7.762626262626265,51.3969696969697,62.31996042081703,78.46308877845216,96.73488321086299,44.80178294986951,67.39598692267053,89.54502607172837,29.24844577862301,55.60173066633325,84.0152666760409,10.78090383991155,16.026115549263523,5.245211709351973
Algeria,Africa,3948.343279,Upper middle income,2316742.429160013,101571611.76973815,7.496004014819151e-05,70604,89.15900348663668,0.057320569872867,220,13,29.233333333333334,60.69292929292929,89.910101010101,15.564242424242424,38.41383838383838,81.15545454545455,3.97979797979798,22.174747474747473,69.52424242424243,57.60970893440374,87.6979539344328,98.72155445291509,51.55880847414305,67.03405778509823,89.81778137250221,45.207401075127294,61.42243617004831,83.29102637442391,14.655672631572664,18.436274642350753,3.78060201077809
Egypt,Africa,3020.03135,Lower middle income,986809.855587611,64235416.029699385,5.8367630791980646e-05,81272,88.48812578878838,0.106919195287139,270,28,7.83939393939394,25.603030303030298,82.44848484848484,2.8983838383838383,11.932525252525252,70.770101010101,0.0,3.97979797979798,53.67171717171718,54.387854188179865,71.32516588170543,92.4338262189964,47.332930200628915,66.39966310190485,84.89611887572066,39.41200108785659,61.55472022628683,80.48502185125352,13.80223265100904,17.978065268109358,4.175832617100317
Eritrea,Africa,642.5076591,Low income,120452.01020922039,4805115.780501455,0.0047697695613755,1031,19.93917271562273,-0.0002249884805897,50,8,35.06849315068491,60.98363774733637,87.2564687975647,13.69044901065449,30.56202435312024,66.95681126331812,0.0,10.490867579908679,39.07534246575343,57.51931421144034,83.50657189933958,97.91280588899367,29.079594041818062,55.13180500309106,86.95431248065894,7.003076161821715,23.688586775900323,66.93604410305889,11.699006697062911,15.385191695934202,3.6861849988712905
Ethiopia,Africa,857.501351,Low income,1131885.4987498578,56877993.28589292,0.0003875650894316,12283,52.11587167547295,0.0980582178462882,124,12,13.555555555555555,35.94141414141414,91.98383838383839,6.9102020202020205,19.367878787878787,79.62828282828282,2.0,9.796969696969699,60.10808080808081,34.411468374866416,64.68273557525225,97.82933701236573,25.083122529192288,48.995880819038646,90.01933508376986,17.044207726454307,37.741047223455,79.40478530528732,13.939395383115048,17.856419063053032,3.9170236799379854
Finland,Europe,48685.85399,High income,336795.6777989304,84349633.74818431,8.555570624247791e-05,55417,89.64777695314753,0.0718122249678893,236,8,9.778787878787881,17.35757575757573,46.370707070707056,4.124545454545454,10.526363636363637,34.2959595959596,0.0,3.97979797979798,24.25959595959596,86.95794838897868,94.54663004373654,99.38485081242473,83.57184146235696,92.16250007167591,98.2050387423863,78.91771249727731,90.01255189575286,96.97670540302715,12.727231728129395,18.250481024898033,5.523249296768636
Fiji,Oceania,6220.046421,Upper middle income,21115.07903235143,1371242.972176487,0.0078562528690405,599,19.416460095743982,0.0372403335860501,46,8,20.848861283643885,54.73291925465836,83.69151138716356,7.144513457556935,21.262525879917185,60.09834368530021,0.0,2.857142857142857,28.71428571428572,53.27529555860419,74.12499162723935,91.37885243120854,27.869008645656862,49.39415251619163,75.97476512720426,7.529664785708813,23.414895467261722,56.713565957008356,9.957742710309248,14.131228165436465,4.173485455127217
France,Europe,40493.92857,High income,549709.76142579,462736931.98229647,8.497447708983309e-06,594455,166.5669825046403,-0.0317023897514712,495,16,7.878787878787878,15.434343434343434,37.83636363636361,3.6965656565656566,9.19,28.281111111111112,0.0,3.97979797979798,19.090909090909093,90.31081881587363,98.16316600318382,99.52629463410874,85.63825488403894,96.71837129044711,99.42208844957916,80.504995509171,94.81759643353053,99.25964636331217,13.217145711424012,19.95266926911053,6.735523557686517
Faroe Is.,Europe,58622.84082,High income,1438.8973474205397,412141.17004635336,0.0133250311332503,321,17.136156081361563,-0.0848426194755506,51,6,44.64734299516905,67.83574879227052,88.6086956521739,14.706280193236715,33.63768115942029,70.9352657004831,0.0,4.3478260869565215,38.73913043478261,68.97368683663672,85.23285909176118,97.22581795473732,32.917858978588406,56.00033768287337,81.78467080865384,3.834327451349796,17.196994585764838,61.868045981170724,7.271632368290391,12.929121215385592,5.657488847095202
Micronesia,Oceania,3568.291016,Lower middle income,788.6787958757003,44707.90668648511,0.4666666666666667,7,1.8,-0.1666666666666659,3,3,100.0,100.0,100.0,72.75,100.0,100.0,50.0,100.0,100.0,100.0,100.00000000000004,100.00000000000004,71.76704302469483,100.0,100.0,20.61267720384553,100.0,100.0,6.670359135137887,10.7079056483262,4.037546513188312
Gabon,Africa,7667.366861,Upper middle income,265121.8037104107,5507734.251292208,0.0030327399738315,1648,32.39763306422673,-0.0083360832768891,93,8,55.84733893557421,76.95378151260505,92.2689075630252,21.992577030812328,47.54565826330532,83.01330532212886,2.3529411764705883,13.50700280112045,65.55462184873949,94.15687257455144,97.80765082813093,99.7634632137594,57.37149132407586,85.11338914872601,98.09884804431087,13.3758508920357,50.16974626313234,92.55193923663336,12.487944636010853,15.521663889898422,3.0337192538875684
United Kingdom,Europe,42300.26713,High income,245398.54909992107,8984742.696723167,0.0005691838245411,8368,39.70378335154998,0.0760958128783377,103,12,7.878787878787878,15.373737373737374,35.9,2.951717171717172,6.568686868686869,22.69787878787879,0.0,0.0,13.555555555555555,63.56242464597833,81.43333996859545,96.35772857554967,52.86656887751627,73.1447587446315,91.895344892927,43.071234489311216,65.26864348579862,87.03999252831758,12.410638898853211,16.011038440808466,3.6003995419552566
Georgia,Asia,4769.186543,Lower middle income,69840.23322021282,14206976.569861116,0.0004793571730573,9188,58.809335580072265,0.0659249996676411,181,8,26.948484848484842,65.98383838383839,93.72020202020202,13.648282828282829,36.53424242424242,87.07373737373737,3.97979797979798,15.434343434343434,73.85656565656565,65.4509414082988,89.72290719752084,99.91503307812258,52.6147492958498,74.2051554188603,96.52343873940671,39.977910887334865,62.63082852878624,91.92777125080053,11.153965529858034,16.46924370965606,5.315278179798024
Guernsey,Europe,52500,High income,88.38342061992459,172871.320117648,0.0106490001226843,434,11.757894736842106,0.0126163391933791,28,4,2.380952380952381,7.056798623063683,26.388410786001128,0.8310384394721744,2.3567125645438898,10.26950659781985,0.0,0.0,2.380952380952381,12.847413644193939,22.586045463110466,49.873025699607254,7.411341051221914,15.63317035020743,37.36158501843412,3.2447742265546586,9.294146514541367,26.605351040709714,4.481684402505618,12.060302782363918,7.578618379858299
Ghana,Africa,2202.115567,Lower middle income,238433.84971315772,28006495.052224424,0.0004914586005255,9829,48.73995994929911,0.0404517362953549,119,10,7.878787878787878,43.48383838383836,73.57777777777778,3.6004040404040403,11.713535353535354,56.19565656565656,0.0,3.978787878787879,29.36969696969697,55.45167068902931,72.02392772664031,93.12416887321216,46.59623570552294,64.51048737037512,85.36826839974856,37.333056166798485,58.22747835680636,80.1544906951976,12.38184719114596,17.147947007390364,4.766099816244402
Guinea,Africa,1064.131237,Low income,245145.7681120317,20030502.33393973,0.0015321287731815,2802,42.91681448446765,0.0666551592057752,105,9,20.826262626262608,60.01010101010098,92.85555555555555,8.937272727272727,27.40373737373737,83.11252525252524,0.0,9.7979797979798,65.95151515151515,79.31473000632401,97.49072923942371,99.8714504030198,54.942415052765845,80.66823244517472,97.84757529404577,37.54604607185279,66.3088681716718,92.18628827895361,12.40960828448711,16.812766786405895,4.403158501918786
Guadeloupe,Central-America,25479,Upper middle income,1649.9254559826848,1074362.934984956,0.0025054578127896,2122,35.58351073438723,-0.0473100224985194,92,12,25.77171717171717,40.434343434343404,73.25050505050505,4.626060606060606,15.456363636363637,53.09515151515152,0.0,2.0,27.674747474747477,39.96289233723978,59.14456973287172,89.68775506692764,21.472698135054834,41.593963248645075,75.98372484739566,6.9535633414853395,24.56555928684692,62.97113807909449,7.408485387681749,13.887238425257435,6.478753037575686
The Gambia,Africa,751.2946884,Low income,10664.597628932963,1725420.700473506,0.0077385842631118,584,21.13228473749768,0.064359975796249,65,7,71.7275494672755,81.28424657534246,89.16856925418568,32.765410958904106,54.22697869101979,77.49467275494672,0.0,10.683028919330289,51.695205479452056,73.41926841977613,80.44476631947865,90.93380152611542,37.13900586765769,58.89442354553252,79.10422338913108,2.20212652838578,15.731403787161637,57.775324377098244,9.274684902011161,14.360981463045116,5.0862965610339534
Guinea-Bissau,Africa,697.7844029,Low income,33860.10469763923,2021636.017312381,0.0109296109296109,368,15.913899613899614,0.0106336021828985,37,8,40.69549549549547,56.439639639639644,82.48828828828827,15.106306306306305,30.67927927927928,60.06936936936937,2.5333333333333363,7.891891891891892,37.486486486486484,59.25099221362726,82.99507292601916,93.85436495133858,24.554164315273155,46.325008721577234,76.19138319250611,4.3268527745172225,17.691736751111055,49.51070672570839,10.429992747756748,14.519417651138204,4.089424903381457
Equatorial Guinea,Africa,8131.923888,Upper middle income,26956.395652074825,3810776.832885626,0.0040429320883669,1260,20.53706502382442,0.0052110795741384,50,8,9.595959595959595,17.13131313131313,56.82727272727272,2.9964646464646467,6.986161616161617,30.036767676767678,0.0,0.0,11.655555555555555,35.230703421924474,66.39515260804896,94.37902787724813,18.12697172116061,39.70763676429872,81.45027623555116,5.09430344350779,20.195977759069038,63.28297549552302,10.201975863658154,15.153343619465335,4.95136775580718
Grenada,Central-America,10965.51316,Upper middle income,359.43350665444814,214375.5319455964,0.0329292929292929,163,8.881818181818181,-0.1524630748573344,24,8,4.651162790697675,13.510520487264674,37.58582502768548,0.8050941306755262,2.559246954595792,9.837763012181618,0.0,0.0,0.0,12.030306604707595,27.503452622518427,51.92726409429876,3.472754683448488,8.689956449420892,23.29576833793199,0.017327225190639207,0.74072895676681,5.459586929950033,5.884529199426371,12.275484578278139,6.390955378851768
Guatemala,Central-America,4619.987097,Upper middle income,109303.67493649192,17141336.63140106,0.0004597210900674,9830,49.82213077685382,0.1571694290165953,125,10,35.4050505050505,61.43030303030302,94.59090909090911,16.469191919191918,39.92696969696969,88.90505050505051,5.9393939393939394,22.605050505050507,79.03232323232324,64.9810896714552,82.82720818552681,99.53294027165735,54.46812884142309,74.46262802732052,95.14911432766284,42.090692527957124,66.10930771009939,89.90222092602096,11.601885296074173,16.657003451255633,5.055118155181462
Guyana,South-America,5468.356629,Upper middle income,209881.9701580743,1042824.2030124762,0.0088850543395997,587,17.94923258559622,0.1628065606300185,64,8,66.63319238900633,76.10993657505286,88.16596194503171,29.372621564482028,47.004756871035944,72.62790697674419,0.0,12.801268498942921,46.802325581395344,68.24425212880816,79.9213681017995,93.78703028093501,24.772015469447798,42.765883050662616,69.07719273499764,0.7663007710500515,8.08805437624138,36.09265772585457,12.254300604825746,13.857443170412033,1.603142565586288
Honduras,Central-America,2574.912191,Lower middle income,112265.12107140028,12045297.358411668,0.0008105126852429,5239,47.1498073117867,0.1053118295059109,121,10,25.906060606060603,54.66767676767673,96.04242424242425,12.153030303030302,34.683535353535355,89.24919191919193,2.0,17.23030303030303,75.84343434343434,74.48318689988899,92.47218907368543,99.54222671614463,57.480940342739785,81.59152246659878,97.93116716540757,39.58422422921544,68.70385441997674,94.03536830610207,11.628618505408692,16.304184881016685,4.675566375607991
Haiti,Central-America,754.5879177,Low income,27128.563540165178,4248069.02464859,0.0030547390605069,1377,28.305961954411845,0.0628753249842821,72,8,36.25454545454544,67.43333333333332,90.73737373737373,13.841616161616162,37.08373737373738,77.75979797979798,2.0,11.676767676767676,59.16262626262627,69.85946135562693,90.31843328194016,98.94241990086626,47.55790844367475,71.46428479655555,92.78242698963781,18.77267595021703,51.832784372956,82.93204895956706,10.208342456966486,15.261975090512154,5.053632633545667
Hungary,Europe,16475.74184,High income,93045.6660452114,36389994.68807276,0.0001430621585543,32002,72.13739712149031,-0.0065993937640201,204,10,9.7979797979798,19.090909090909093,49.45151515151515,4.931111111111111,11.786868686868688,38.34565656565656,1.9000000000000021,5.841414141414144,27.77373737373738,55.191619273899995,75.6293197569251,99.93186349531364,45.372169500948495,66.8499290622438,94.13582777990035,37.125909926070214,58.4385676628682,89.12816105905524,11.440845684362474,17.409804423616162,5.968958739253689
Indonesia,Asia,4135.569263,Lower middle income,1993886.6901591395,3804044.545666644,0.0013004587866515,3694,34.4671019835693,0.0516025312578166,92,8,7.945454545454516,30.368686868686797,66.66060606060604,2.769191919191919,10.596969696969698,42.87171717171717,0.0,2.0,18.984848484848484,33.75660486373673,47.041360197129016,74.77185508174388,22.918073729442796,38.096292558643334,62.98224845403808,13.182718664433002,29.356928916871812,54.80849249361355,14.505596402492676,15.151575412796163,0.6459790103034865
India,Asia,2104.1459,Lower middle income,3179624.3288021465,986385126.9021575,8.889191006858848e-06,496913,290.66533483262646,0.1339263108223097,897,15,11.790909090909057,32.01717171717171,60.48686868686868,6.766868686868687,18.320404040404043,52.027373737373736,2.0,7.878787878787878,42.36060606060607,53.32505698373178,80.07199454757085,98.0454884528054,44.641852616333,73.59164194716188,96.35056380939862,38.119705517867,67.28827538979073,94.37384620600763,14.972273612180992,20.709557431539903,5.737283819358911
Ireland,Europe,78660.95646,High income,70324.26906654472,39308655.5117463,0.0001509034574699,31168,67.39505604774607,0.0128742758364175,207,12,16.931313131313104,25.576767676767673,43.31515151515152,4.937373737373737,12.722727272727273,33.77424242424242,0.0,3.8616161616161637,22.665656565656562,89.48429501886255,96.22383319244521,99.43171861720691,80.78804544640175,92.35521307727127,98.38895482590142,74.61866179279698,88.07536434903075,97.09428339796033,11.160872239653772,17.48695529461894,6.32608305496517
Iran,Asia,5520.310789,Upper middle income,1629854.2768988635,632077.1649840047,0.0054691669715087,912,22.6963532889963,0.1794046159918561,67,8,37.22737579880437,58.6002886002886,85.76066790352505,7.59121830550402,28.20954442383014,70.13244691816121,0.0,2.0202020202020203,45.56689342403629,37.00957813105349,77.26699317753528,96.21531574930198,19.462342168199232,40.86246663302249,79.17945635060677,4.1430552212344445,16.844994878611,55.47006491752472,14.304001168110922,13.356766762169503,-0.94723440594142
Iraq,Asia,5955.10901,Upper middle income,445313.57092078764,53202177.19047757,9.75676455094455e-05,48558,84.20891649088212,0.0752049824487079,198,15,18.91414141414141,32.79090909090909,85.21515151515152,10.073737373737375,21.639292929292928,67.77131313131314,3.97979797979798,13.424242424242426,46.88888888888889,49.726499429098446,74.8792366650519,98.70037305549101,41.134489453681006,66.13086776781138,92.90995577718535,33.17380160901385,57.770667180869125,88.64530398726336,13.006533966751066,17.78960987810752,4.783075911356454
Israel,Asia,43641.39774,High income,22161.37589491028,14055496.342299895,0.0001358543895955,41383,63.1208754016569,0.1247073214985556,199,10,20.84848484848485,44.855555555555554,87.15555555555555,11.760808080808081,30.2389898989899,77.05323232323232,3.97979797979798,19.070707070707076,62.82121212121212,70.54644570042184,90.81957604967124,99.01892534879661,51.179159016907604,78.01158360173199,97.0502783401345,35.69745180968697,63.111318841262964,93.41726361088621,10.00610622805427,16.45852407598596,6.452417847931687
Italy,Europe,33189.5658,High income,301258.6139324879,11642280.394687966,0.0002529916934707,20199,78.54526815353488,-0.0462121161645826,219,10,5.9393939393939394,15.415151515151512,73.24848484848485,2.368989898989899,7.559090909090909,49.76767676767677,0.0,0.0,31.21212121212121,74.91056442870143,88.92973067743962,99.4054542461385,63.29315146743803,83.04764700361267,97.12322095905411,54.1745119020486,76.72079754205924,95.10531708322459,12.615724357344966,16.27015389127623,3.654429533931263
Jamaica,Central-America,5582.263778,Upper middle income,11008.257281782719,3850800.2980647385,0.0021066307423344,2416,26.28594024527948,-0.0629221927902971,71,10,3.97979797979798,13.373737373737374,59.80101010101008,1.3668686868686868,3.9878787878787882,26.46181818181818,0.0,0.0,5.9393939393939394,35.19344976979413,57.28046325555403,84.2311616164706,22.95212880190655,41.67437650892034,71.55799781766294,10.707949028576309,27.168313630840142,60.89036364156566,9.306400932154968,15.163791554289274,5.8573906221343055
Jersey,Europe,52500,High income,125.06844022602588,256919.042371565,0.0092675468039084,497,13.07134332811218,0.0557858376511198,32,6,2.0,5.9393939393939394,22.910101010100988,0.5480808080808081,1.8644444444444446,7.802020202020202,0.0,0.0,0.0,23.513717821399407,38.66741247138149,67.06908135323322,13.843954453690863,26.331453658880115,50.566251608276445,6.036266614818938,14.973120481857572,36.88742515168533,4.828861109275133,12.45651630402384,7.627655194748707
Jordan,Asia,4330.329346,Upper middle income,89161.00784320706,11127601.583196351,0.0002534968940974,20281,59.04980005918386,0.0043016501537796,156,16,11.575757575757576,22.495959595959583,79.80707070707071,4.26,11.14909090909091,57.884040404040405,0.0,2.0,29.454545454545457,56.981368186060415,74.29957003856843,92.69240980070276,35.47348115270373,64.891301721972,86.76744229632848,18.977052308536827,52.02740309942207,82.77483377093428,11.398199091195531,16.22493920885284,4.82674011765731
Japan,Asia,40246.88013,High income,373838.42857479496,2432707.933831484,0.0009866231603764,5283,30.72973640745912,0.206154781089097,85,8,9.7979797979798,20.57070707070707,57.571717171717154,3.534848484848485,9.213434343434344,33.164848484848484,0.0,2.0,17.25050505050505,28.67540171831109,46.43069776017998,68.98113724985552,22.171566096767332,36.6571871675691,58.96461071299922,15.969733572092531,30.194091592012878,51.18845466412908,12.831578973895526,14.704515570922972,1.872936597027445
Kazakhstan,Asia,9731.145207,Upper middle income,2763600.482064806,88651768.18649027,0.0001863156599422,24077,80.86762527338924,0.1030768329177245,215,12,53.534343434343434,84.3111111111111,98.44646464646465,26.986767676767677,63.606767676767674,96.53717171717172,11.696969696969695,36.13939393939393,93.60505050505051,95.7375448452652,99.58650532309957,99.9976479367942,87.24279159023722,96.09275946693519,99.8852402312289,77.99431459971126,90.54951927679015,99.64384737878638,14.832044910030401,18.30022653598767,3.468181625957267
Kenya,Africa,1816.546916,Lower middle income,586416.0264853059,41517755.18448516,0.0005138701760451,9162,41.62337993761542,0.091596242506339,102,11,13.272727272727272,25.42929292929292,74.61111111111111,4.926464646464646,13.625151515151515,49.962323232323236,0.0,3.97979797979798,31.146464646464647,49.89114910662477,68.39240083326044,94.07810422085906,39.99771780944589,58.49757762363746,83.96332450888262,31.420661989230197,51.092909479962394,75.40335869001234,13.281784759476656,17.541631729476027,4.259846969999371
Kyrgyzstan,Asia,1309.392992,Lower middle income,198704.00849180185,11884914.02454317,0.0009430126616516,4379,60.76584493848345,0.1201985613308987,155,8,75.17272727272726,91.31515151515153,97.87979797979797,52.31070707070707,81.43484848484849,96.38080808080808,18.922222222222224,63.309090909090905,94.15959595959596,95.00401472066343,98.69967267763562,99.85991181183553,76.56113547827927,93.78326622752758,98.73922927026756,44.16749088823839,84.51308649872972,95.21098697097686,12.19957160192375,16.29078042480354,4.09120882287979
Cambodia,Asia,1643.121389,Lower middle income,181306.96019599534,13083907.672596464,0.00115113978194,4348,34.83112265780914,0.0364019072600681,83,8,11.696969696969695,31.30101010101005,85.14242424242424,6.14939393939394,16.42141414141414,61.91363636363636,2.0,5.9393939393939394,31.014141414141417,53.545586204332295,77.16715184593926,96.9002053630758,35.68632993214632,59.68392631481513,86.74977796006083,18.61074363285306,39.96254949401748,76.33627419497854,12.10794678649692,16.386893611103474,4.278946824606554
Kiribati,Oceania,1655.078839,Lower middle income,3372.0292836640137,39849.92655335567,0.4285714285714285,12,2.5,-0.1575562700964634,6,6,83.33333333333334,100.0,100.0,47.75,96.0,100.0,0.0,83.33333333333334,100.0,99.96665833124948,100.0,100.0,42.257145218467855,99.96824224937035,99.99999999999999,8.026945625990558e-05,99.59156792979223,99.99999999999996,8.123270003444658,10.592875841139014,2.469605837694355
St. Kitts & Nevis,Central-America,19896.4957,High income,266.91444315422945,132509.12839775125,0.020778600429902,261,9.914974922378793,-0.174559266751992,24,10,14.88461538461525,29.615384615384617,50.6602564102564,2.5621794871794874,6.782051282051283,19.1724358974359,0.0,0.0,0.0,26.560725994980327,33.51742862425015,58.949255235811236,4.898941228194596,10.925061133111724,27.96151755558859,0.057248628843974546,0.7651107705133993,6.229832957951104,5.586928169424535,11.794406815603296,6.20747864617876
South Korea,Asia,31761.97769,High income,100192.89220629499,2454251.243077724,0.001122997325366,4763,30.70989652297582,-0.013652549080026,76,10,3.97979797979798,5.9393939393939394,18.895959595959592,0.9978787878787879,2.3470707070707073,10.258383838383839,0.0,0.0,3.97979797979798,26.152452431188525,42.69093274377205,74.61176421037476,16.47971265565532,32.26415868858395,63.410109930269506,10.235380961759105,22.758248598096497,53.777062154262,11.5148525290519,14.71333228005468,3.1984797510027803
Kuwait,Asia,32031.9801,High income,17403.149611900848,5725209.522677275,0.0003110939998638,16845,38.63980744417192,0.127380012564009,111,18,14.885858585858582,38.59393939393939,73.22626262626262,3.583838383838384,14.891818181818183,53.94585858585859,0.0,1.9000000000000021,32.081818181818186,56.852676712894926,74.39646176743348,87.82268913129153,45.81839768192225,69.04581844762842,83.22051183041245,30.66591381844908,62.85683627536372,79.87908364151902,9.764406481000103,15.560389704582452,5.795983223582349
Laos,Asia,2534.898277,Lower middle income,230144.84012422612,16286453.32846797,0.0015967555870458,2497,37.45793249247344,0.0555761191045252,102,8,48.13131313131305,78.07777777777777,95.13232323232323,22.47939393939394,50.999898989898995,88.99585858585858,7.878787878787878,26.01515151515152,80.05353535353535,86.83160891747858,95.80853740884709,99.44439948905355,63.48367109233365,85.47236763602497,97.72779169807629,35.960861745337425,67.1536749749976,94.14669550879648,12.34646412937306,16.605844236092032,4.259380106718972
Lebanon,Asia,7784.316857,Upper middle income,10248.110196653135,8496781.765530143,0.000324728187378,15411,56.721989096372965,0.0429276131031583,130,12,5.91919191919192,11.578787878787878,60.98080808080808,1.6096969696969696,4.6743434343434345,34.20242424242424,0.0,0.0,13.574747474747477,63.4022506837656,81.04251501550237,98.20107683119448,50.72361323256001,74.76812654417546,92.12726391238105,38.437131312665855,67.85920840533979,88.30525867456899,9.23484859650989,15.955198033947495,6.720349437437605
Liberia,Africa,621.8929536,Low income,95870.64430011444,6599240.257795972,0.0046665895329553,847,24.65838030225396,0.1303297707134368,63,6,42.79999999999996,64.63535353535353,86.54545454545453,16.814242424242426,36.71979797979798,71.16434343434344,2.0,11.563636363636364,49.250505050505055,81.86538509736008,94.0567965476081,99.33681010328283,28.431544231890772,55.45673018191396,88.76368405663396,8.182264597701574,29.274578604202087,61.663376783209664,11.470755106608744,15.70246508791555,4.231709981306808
Libya,Africa,7683.750611,Upper middle income,1625749.7751877655,29487988.298631515,0.0002531873701562,20581,76.72326335035622,0.0403739879213053,189,18,43.37272727272726,69.30909090909091,92.6151515151515,15.626767676767678,38.37111111111111,83.81939393939393,2.0,15.373737373737374,66.92424242424242,88.1048550393654,93.54856294467201,99.64558020832087,75.38122803883977,90.40380577023414,97.50780055156604,54.79910554986881,83.90937661196807,95.64241902294486,14.30147966744922,17.199493562073688,2.898013894624466
St. Lucia,Central-America,11611.41545,Upper middle income,614.6724583394007,268946.04078721127,0.025177025963808,192,9.370312090217675,-0.0111305307699382,24,8,12.395929694727103,19.79648473635523,48.69565217391303,2.1262719703977795,4.985661424606845,14.118871415356152,0.0,0.0,0.0,23.017448889662084,35.74088002709802,57.41294550396365,7.1522145954771785,15.015940954240925,29.6833501140992,0.033973751054435994,2.0747719557586213,8.64247013777287,6.421089537865102,12.502266046593633,6.0811765087285305
Liechtenstein,Europe,173356.0513,High income,161.91660789819662,126746.61904399948,0.0178210929342151,256,15.8914723285764,-0.123260575838197,42,6,48.69565217391305,59.267080745341616,79.35403726708074,8.278053830227742,22.226915113871637,55.15072463768116,0.0,0.0,18.9648033126294,70.9639521978371,90.1240498323374,97.49732612390835,34.38173640641727,59.97565779294697,85.47707386349941,3.1296394477811273,24.017700188108904,63.55106126986465,5.087081436634335,11.74994524688859,6.662863810254255
Sri Lanka,Asia,3853.083693,Lower middle income,65791.73003685691,26161178.2805748,0.000312871405268,14946,53.72496805293233,0.059490862520246,147,10,7.878787878787878,13.373737373737374,44.97676767676767,2.4008080808080807,6.505757575757576,27.973535353535354,0.0,2.0,15.41212121212121,49.15759052877704,65.60391873572121,87.36144364573107,42.86874396414084,60.57189950578442,81.41442819005343,36.11087352770161,55.65778739263031,77.13146074086873,11.094249426084154,17.079787124845318,5.985537698761164
Lesotho,Africa,1157.535164,Lower middle income,30533.964585500053,5074005.167434157,0.0040148895504686,1002,22.120394597128676,0.010501363199972,54,10,22.670707070707046,63.05252525252525,90.3171717171717,9.877070707070708,29.28161616161616,78.46777777777777,2.0,9.775757575757579,62.66565656565657,44.088620284685675,70.09389749217425,97.09924819141533,25.387484798976246,47.66470718016841,86.69668575305944,12.54597679932135,30.103402044273384,68.26042169955969,10.326594935978004,15.439641037555145,5.113046101577142
Saint Martin,Central-America,15400,High income,56.122879035008964,59718.59263109932,0.0434782608695652,105,11.938302277432712,-0.164518109269491,32,8,61.36363636363637,71.03219696969695,84.48863636363636,19.3655303030303,38.2935606060606,67.6941287878788,0.0,0.0,40.066287878787875,74.95596691985983,90.13939223050224,95.46329755310363,27.957755606175603,51.06461410682335,83.05597566396558,0.0034448267261761303,1.5611992978948894,60.00920929148974,4.027543555326245,10.997398685251854,6.969855129925608
Morocco,Africa,3204.095003,Lower middle income,414347.98346211395,61718508.029950485,0.0001420782965529,37239,66.73148040937961,0.0318942966998027,190,16,5.9393939393939394,11.696969696969695,48.376767676767635,2.2037373737373738,5.883434343434344,30.84656565656566,0.0,0.0,17.272727272727273,37.23746948270978,56.92672603405096,85.40123439193972,30.8671159805428,48.94350491841783,78.60816115205357,25.68751418657343,43.14030742532551,72.29173665892289,12.934461439515289,17.9380944119647,5.003632972449411
Monaco,Europe,185829.018,High income,2.353956963596267,46401.89728965155,0.0138192491133667,339,12.439403204109086,0.13398406222595,32,7,25.0,46.42857142857143,75.17857142857137,3.607142857142857,9.892857142857144,38.98214285714286,0.0,0.0,0.0,19.77769971956638,45.618371487106614,90.21572139378847,6.23708483767056,16.19997491202447,47.38144156293532,0.15946232666584362,1.9323434519206186,9.658142901033616,0.8560977264263863,10.74509562724156,9.888997900815173
Moldova,Europe,4498.52085,Lower middle income,33893.336446373294,11479963.069599072,0.0005448066261171,7215,50.68823431381662,0.0692693598563006,140,8,13.653535353535329,34.24242424242424,92.8111111111111,7.7182828282828275,20.88909090909091,84.27626262626264,2.0,9.7979797979798,67.65151515151516,62.674786225968326,85.87225470449107,98.96654005859604,46.46586561885534,70.48768371574083,94.14273477968366,32.79622866635261,59.098754149689576,87.4382362440717,10.430973709043371,16.256113731916642,5.82514002287327
Madagascar,Africa,522.2198092,Low income,591927.306833835,17787454.759250008,0.0015036577742485,2670,45.94687244814634,0.1173014852751112,139,10,78.71111111111108,91.55858585858586,97.77878787878785,54.593737373737376,80.17414141414142,95.54363636363637,20.82626262626263,61.28181818181818,91.3909090909091,89.22502286547434,96.59169420002338,99.83864399174678,69.04180346898568,87.65132834425093,98.09571919178455,45.24885502846045,75.93168170806449,93.79731612476681,13.291139113816111,16.694003977975747,3.4028648641596346
Maldives,Asia,10790.50024,Upper middle income,299.73733674845784,18362.875490826795,0.0796586059743954,56,5.732574679943101,-0.0148270181219076,14,4,70.49999999999983,80.0,100.0,24.3,47.65,83.45,0.0,0.0,60.0,5.943759992476251,6.663592253472287,100.0,2.928249335237284,7.685729149836365,38.070198248167344,0.0,0.07463498588051609,5.943759992476251,5.702906546971724,9.818086269058725,4.115179722087001
Marshall Is.,Oceania,3788.163594,Upper middle income,301.0094476527774,49467.38889582166,0.1473684210526315,28,4.010526315789473,-0.0370370370370383,11,3,100.0,100.0,100.0,37.0,93.5,100.0,0.0,0.0,100.0,100.0,100.0,100.0,37.001193510076874,93.50021262050326,100.0,0.0,0.0044233892781161705,100.0,5.707141651807052,10.809068921260568,5.101927269453516
Mali,Africa,890.7372855,Low income,1255300.2490856636,28702246.42084074,0.0009453406602593,4410,43.92229171154891,0.0569096055221812,141,8,51.411111111111104,67.76262626262627,95.62222222222222,19.178484848484846,46.20848484848485,90.12252525252525,3.97979797979798,20.741414141414147,83.13030303030304,72.47848044171691,96.12810337367542,99.89146266251386,36.555000317104636,66.2720994367226,97.50753464475876,17.739847929079712,41.074891423107275,91.23098977852705,14.04288534423348,17.17248595016988,3.1296006059363988
Malta,Europe,29416.23061,High income,323.13306136971994,584811.6070079781,0.0015847066999528,2880,31.814440199607017,0.062319654660317,93,8,7.818181818181818,15.415151515151512,67.87878787878788,2.144040404040404,7.046565656565657,37.33656565656566,0.0,0.0,17.232323232323232,14.810410196113697,33.48419801214314,87.774248819043,8.920318679271844,22.594381696389448,66.00635277374745,4.3276005282261005,14.55983228751621,48.70440008902895,5.778064193097629,13.2790450350456,7.500980841947971
Myanmar,Asia,1407.813143,Lower middle income,670399.2653119655,44444769.25399495,0.0003377692058557,12982,57.88108286382494,0.0931409266989222,152,8,37.77575757575756,65.80303030303031,96.15555555555557,22.59535353535354,48.79787878787879,90.09272727272727,9.7979797979798,31.23131313131313,81.06464646464647,69.98051056146228,91.31440567419597,99.87030463666399,56.05756945393394,78.99995201775609,97.94094810671048,42.98836745270575,69.03948400389265,93.66065208102468,13.41562873225437,17.609757835924217,4.194129103669848
Montenegro,Europe,8832.036836,Upper middle income,13331.845508449198,2955895.4296242334,0.003481511970913,1421,25.04425513774145,0.0606593024267193,76,8,20.435353535353503,46.85454545454545,84.48787878787878,8.274343434343434,22.39151515151515,62.51515151515152,0.0,7.858585858585859,35.71111111111111,60.98891589144478,79.76469699664804,97.77828937838247,37.25329556850026,61.14035415331909,89.08515836313212,14.199671311984142,39.726848045571465,77.67500201473577,9.497910851335376,14.899312184789935,5.401401333454559
Mongolia,Asia,4295.235025,Lower middle income,1577068.0710569827,38168567.96199726,0.0011313031865191,3723,39.62431010409023,0.062580164394757,103,8,40.087878787878786,68.43939393939394,93.37676767676766,16.90919191919192,38.92080808080809,85.40575757575758,3.978787878787879,15.413131313131311,67.89090909090909,98.34059192559613,99.84492601480773,99.98535326656084,82.11955942885366,94.59687140704362,99.3984699093159,67.23724514234421,87.42528690547147,97.43337318624019,14.271078029919737,17.457522906647885,3.186444876728147
Mozambique,Africa,491.8047231,Low income,789645.4806173026,36842824.52448233,0.000775126845793,5654,68.91387852690255,0.0992845213565095,169,8,63.3393939393939,79.25353535353534,95.86060606060605,26.37919191919192,58.09030303030303,91.84848484848484,3.97979797979798,22.598989898989903,84.78282828282829,87.87714228056342,95.97112015740481,99.82801484183653,53.99596023122179,85.87287109802975,99.10541317070549,19.882476660900853,60.17274708808519,97.84853832714055,13.579339365008604,17.422171436458047,3.8428320714494446
Mauritania,Africa,1677.919253,Lower middle income,1043027.4259067727,6154096.318988846,0.0079858030168589,612,18.71155853645806,0.0245323035041626,57,8,61.05221518987342,79.04113924050631,91.36708860759494,28.143037974683544,52.23433544303797,79.9746835443038,2.5,18.9873417721519,58.82753164556963,74.56488760312259,90.44877667625803,98.91706753789583,38.50075487667552,63.93265017635662,88.56111041881375,7.8668946037661645,31.043010913127166,66.37307955595419,13.857638028849825,15.632628486186043,1.774990457336217
Montserrat,Central-America,13352,Upper middle income,100.58354785538052,26228.09862628009,0.1691176470588235,23,3.816176470588236,-0.0054644808743163,9,4,69.16666666666667,85.0,98.33333333333331,31.97083333333333,69.33333333333333,97.19583333333334,0.0,48.95833333333333,96.66666666666669,76.78534065383286,96.22317917417591,99.99594798777336,26.62731711225731,65.03146471443569,98.18413139443687,0.9875128873785504,30.05794643025181,90.34870228000293,4.610988704086516,10.174586581719588,5.563597877633072
Martinique,Central-America,24623,Upper middle income,1118.351925699895,981927.2343860673,0.002915780729631,1913,25.57581410945228,-0.1063183362797366,74,13,11.579797979797979,22.31414141414137,68.14646464646462,2.7497979797979797,8.962222222222223,39.69171717171717,0.0,0.0,19.01010101010101,33.17810731220242,57.2443810293464,92.49887410334254,23.484025665881376,43.54800832737855,79.99958098214613,13.185288629351446,31.250572898810702,66.73850758203993,7.0196113856664475,13.797272485187916,6.777661099521469
Mauritius,Africa,11203.54058,Upper middle income,2027.257006558549,1529308.966032355,0.0023021750313006,2372,23.197825939262177,-0.0032786880349947,61,10,5.91919191919192,9.88989898989896,37.28181818181818,1.4074747474747473,3.88989898989899,20.594747474747475,0.0,0.0,7.878787878787878,20.62650494207442,32.73694837400701,63.2636082731956,8.186817783339679,18.34285990564105,46.48726417645461,3.7199795699596314,10.088329510466876,32.31639353069311,7.614438930007397,14.240326535153237,6.62588760514584
Malawi,Africa,411.5523404,Low income,118008.14785668516,15026830.394012678,0.0017022629778894,2623,33.90596927749547,0.0028468613245882,93,8,9.778787878787881,24.321212121212046,75.93636363636362,3.8847474747474746,11.440707070707072,52.90808080808081,0.0,2.0,24.201010101010105,26.17543967634801,43.1068253114518,91.36461293718123,16.824022781124633,32.73403247983644,74.17717652501177,8.914211119383792,21.924665112713537,54.643967678659905,11.67850895069691,16.525347854194496,4.846838903497585
Malaysia,Asia,11414.83766,Upper middle income,333490.13622096094,7745571.635764299,0.0007859279383112,6444,79.31466766676118,0.0102997772240656,205,17,65.16464646464644,83.69999999999999,95.70303030303027,31.521616161616162,62.83848484848485,91.56616161616161,7.856565656565657,29.28181818181818,83.5,92.34595786333487,98.4702102987547,99.8844540739817,77.31626492812023,93.2463217254566,99.16495340392677,52.05567235525583,83.40283640764063,97.11239960932726,12.717368567351578,15.862631836180421,3.145263268828843
Mayotte,Africa,"10,800",Upper middle income,391.35542077484575,225627.55157007795,0.0212975391498881,238,17.04,-0.1429696110848706,39,6,36.298701298701296,55.47402597402594,79.6103896103896,5.32012987012987,19.95714285714286,58.19383116883117,0.0,0.0,19.672077922077925,62.835906150285695,86.55674389017568,94.66198281523059,17.443701446794414,39.868292123157495,79.14536245986983,0.061308155041591025,6.200821867533962,37.54295969703917,5.969616151630183,12.32664091690319,6.357024765273007
Namibia,Africa,4957.458006,Upper middle income,825392.9471850357,43534041.67258535,0.0009590705683033,5101,35.387246410818,0.0634797509908499,100,8,15.216161616161616,24.188888888888886,56.50202020202019,5.044545454545454,11.866363636363637,35.18848484848485,0.0,3.97979797979798,18.862626262626264,78.16811505582842,92.22890814907389,99.6486350183107,62.07669589332743,80.7547014168421,96.27951271226566,44.1528259164073,67.50000467820327,89.92148154241931,13.623614851540385,17.58905375719874,3.9654389056583548
New Caledonia,Oceania,12579.59511,High income,18819.16535622125,2273864.44960339,0.0026047699664379,1754,39.22370875285871,0.0176033722854491,128,10,65.31919191919191,82.44848484848484,93.86363636363635,31.742020202020203,60.30212121212121,87.8861616161616,3.8616161616161637,24.9979797979798,76.38787878787879,88.3346859997885,93.34731716863351,99.30751247723117,71.79364180471329,87.17887475494406,96.09963619665652,34.24986589965093,72.65616175567962,93.33128463549652,9.842631063389796,14.636991342722359,4.794360279332564
Niger,Africa,554.6009687,Low income,1187317.7717569158,15546877.141472328,0.0018026976203038,2665,30.897852997280733,0.0424741459589279,83,17,55.25454545454544,69.03333333333333,91.83838383838383,19.395656565656566,41.679494949494945,82.08474747474747,3.880808080808083,17.21212121212121,70.23232323232322,80.44967640388334,94.62703819526912,99.43851292368423,58.729201232904906,81.55341375695916,96.87037243022372,25.380805048233746,61.98670951397617,90.77066662465329,13.987207347752857,16.55937034950613,2.572163001753272
Nigeria,Africa,2229.858696,Lower middle income,910162.1567094316,116738959.51867156,0.000107205155012,47128,96.02246524195638,0.0327136258215993,231,14,7.878787878787878,15.434343434343434,73.22222222222223,3.448989898989899,8.521919191919192,44.8410101010101,0.0,2.0,24.423232323232323,56.380413112098914,79.2454511813691,98.19342528168096,44.776609443120044,70.01007804209486,94.72577683275523,34.4106437316655,61.045915430884634,89.83502072066278,13.721378056804523,18.57545088489115,4.854072828086627
Nicaragua,Central-America,1912.903745,Lower middle income,128296.41551943078,7340391.08008069,0.0014084444085041,3466,33.0738413350395,0.0627794889239423,79,8,23.538383838383833,46.098989898989885,88.4171717171717,9.353636363636364,26.016969696969696,69.07969696969697,0.0,9.774747474747477,42.23939393939394,56.51228525841382,75.93702204714403,98.74244507136815,39.39067294728465,61.615887047996054,89.87136920312864,22.162966828885835,48.45480350518095,79.05980323807002,11.76209861193933,15.808902679836278,4.046804067896948
Niue,Oceania,15586,Upper middle income,266.55198459726967,105299.28123872368,0.1764705882352941,27,2.92156862745098,,5,3,50.0,83.33333333333334,100.0,3.166666666666666,32.0,84.08333333333334,0.0,0.0,50.0,59.76749108682031,99.43084228606068,100.0,12.926805166779841,42.17157274752288,86.12624076557626,0.0,0.0,41.00629778062169,5.585569288738219,11.564561872255691,5.978992583517472
Norway,Europe,75419.63487,High income,325694.26534199296,3279086.122260419,0.0043841878343982,844,41.019734039790144,0.0492327670165571,131,8,75.41515151515148,89.42828282828282,96.18181818181816,48.74909090909091,75.29858585858585,93.0230303030303,17.188888888888886,55.296969696969704,85.98989898989899,95.36642695766831,98.88502200454296,99.8651093006318,80.57711924259233,94.90054866015772,99.40345940725473,54.0981788227892,86.50347508064789,98.47197902373527,12.69371438393091,15.003075320276144,2.309360936345234
Nepal,Asia,1071.050761,Low income,148027.76471841772,21275508.244268924,0.000633545095856,5672,53.53983615844704,0.0233822137734716,149,9,43.01313131313129,79.89393939393939,97.11212121212121,18.214242424242425,54.72373737373738,93.98151515151515,5.9393939393939394,27.6,89.23333333333332,77.75322323519357,96.2892732850191,99.83354914715967,59.11870951425149,82.38041359391242,98.52283971393709,41.455966778403315,67.7160799301846,95.43048924649155,11.905155134600445,16.873067121410703,4.967911986810258
Nauru,Oceania,9396.981967,Upper middle income,22.158760122399134,16861.53506139095,0.6666666666666666,4,1.3333333333333333,,2,2,100.0,100.0,100.0,100.0,100.0,100.0,100.0,100.0,100.0,100.0,100.0,100.0,100.0,100.0,100.0,100.0,100.0,100.0,3.098232909158485,9.732790274943357,6.634557365784871
New Zealand,Oceania,42084.35337,High income,269109.0524129092,12062121.676145894,0.0007286350414676,6694,46.86469386606634,0.0625053274945663,105,8,13.871717171717059,64.42020202020201,89.96060606060605,5.981010101010102,24.59868686868687,78.7229292929293,0.0,3.97979797979798,58.257575757575765,93.02893568711396,97.64996745943803,99.51349126678551,84.28671264338378,94.52544659551292,98.66495402347682,74.0734287405723,89.67357343621399,97.3703163829643,12.502871975736376,16.305580660501956,3.80270868476558
Oman,Asia,15474.03248,High income,309398.7927372033,20157254.633192897,0.0002796097666449,18037,72.77346648258339,0.0170738003798046,187,10,44.24242424242422,63.16262626262625,93.36363636363637,10.397373737373737,34.96343434343434,85.02434343434342,2.0,9.796969696969699,72.12323232323233,70.93832208181038,89.21240628005043,99.90032754762103,55.75082092346025,79.06106838775219,97.26358829344223,43.502737200071564,70.02472351890646,93.93101486983835,12.642386315165213,16.81907481298517,4.176688497819956
Pakistan,Asia,1284.702041,Lower middle income,876004.8918962333,110434319.94477332,7.627267272350868e-05,63320,98.46259420936858,0.0973907053867323,269,18,18.972727272727273,37.6989898989899,78.08585858585859,9.769595959595959,24.352121212121215,63.30909090909091,3.97979797979798,13.555555555555555,49.63434343434343,26.4027378055339,46.3323870542266,83.545083208091,15.432107894480549,32.003572545721724,71.57493346954219,8.844310545059734,21.555929592016483,56.90871266503472,13.683126954259366,18.51993151256247,4.836804558303102
Panama,Central-America,15731.01603,High income,75123.21357855652,7238119.579285795,0.0008409651015919,5628,67.88964559477287,0.0633159999458238,211,12,54.963636363636354,76.72828282828281,94.5868686868687,22.186161616161616,53.38111111111111,89.47707070707071,3.97979797979798,22.6,81.7939393939394,83.31123891602951,95.19399643551844,99.78855888473767,68.32055496197982,88.90437778685875,97.69515482362456,51.45471781511639,81.44148922017132,95.05511807901532,11.226884892234397,15.794872004009116,4.567987111774719
Peru,South-America,6977.695784,Upper middle income,1294869.8023972346,124015105.44815406,9.49835216007671e-05,47539,117.58923462692282,0.177553928172321,372,16,27.850505050505042,68.15959595959593,98.610101010101,16.653030303030302,43.594545454545454,97.04272727272728,7.877777777777777,26.161616161616163,94.88686868686868,98.12828678294017,99.96463492153082,99.9988871562338,95.63508999127224,98.35619354395243,99.4329277800151,92.15676883099404,97.26302501912014,98.57861781169065,14.073920709372029,18.63591393428036,4.561993224908331
Philippines,Asia,3485.084218,Lower middle income,295980.41734908544,2334691.0181254414,0.0027497662447342,1641,28.94654125989899,0.2071039233303378,76,8,45.766666666666666,61.488888888888795,89.73737373737374,9.738686868686868,28.471111111111114,76.22252525252526,2.0,5.9393939393939394,53.8909090909091,59.51615226641176,72.55043835525899,92.24939855728665,42.346005818519934,60.081665785030246,80.21331000562324,21.59354958090319,46.91812258993004,69.35074729751724,12.598048573513246,14.663390114044631,2.0653415405313864
Palau,Oceania,15859.43486,High income,487.1646840670142,156601.59604677328,0.0511784511784511,76,7.876767676767677,-0.1542056074766372,22,4,56.19047619047619,67.71428571428568,86.66666666666667,18.247619047619047,35.5,68.1,0.0,0.0,37.142857142857146,80.39791266944678,92.13727224514942,97.81371384096853,23.829874493697847,43.88899051433007,74.51753827662436,0.046018528363514485,2.27905532651963,13.719995284184382,6.188602226221159,11.961460254356464,5.772858028135306
Papua New Guinea,Oceania,2845.180186,Lower middle income,465313.4407848903,1149171.164282184,0.0066826347305389,837,15.47709381237525,0.1184859331862097,43,10,61.53623188405795,73.07246376811592,86.29951690821255,22.367149758454108,42.54589371980676,68.32125603864735,0.0,8.599033816425122,35.36231884057971,32.23384306405828,46.57120133321416,71.21749945504943,11.078264554258428,22.714973694227,41.577621189918545,0.09204641417503459,5.137576457101762,19.924649447542343,13.050466523692974,13.954551513779931,0.9040849900869579
Puerto Rico,Central-America,32873.71927,High income,8979.731992625258,9416944.262057638,0.0003883800210215,12207,48.88531370555456,0.0854451014099006,135,8,5.9393939393939394,9.7979797979798,29.575757575757574,2.03989898989899,4.94040404040404,19.37969696969697,0.0,0.0,9.7979797979798,45.1184708244395,66.228636745465,89.37934245473893,32.807002388144156,55.11634721427913,82.02519184378615,23.112623199868935,45.22736278067016,75.38427856180624,9.102725315931641,16.058021205610675,6.955295889679035
North Korea,Asia,647,Low income,122778.10597472028,29432143.805995584,0.0002951600437415,11657,58.45429640297213,-0.025508675667705,163,8,22.633333333333304,68.2050505050505,97.03030303030305,12.649595959595962,44.29929292929293,92.77060606060606,3.97979797979798,24.34141414141414,87.5878787878788,46.36309535825761,74.65092800898763,98.74212309536371,34.0643954950271,61.59791002775049,93.09557410088449,23.687601349013423,48.62877495679885,86.95380426002903,11.718133988691468,17.197597961797065,5.479463973105596
Paraguay,South-America,5414.799138,Upper middle income,399923.3754213821,22198928.48046131,0.0005213166427564,9960,55.64824321787199,0.0830761687493957,128,14,24.694949494949455,53.49292929292927,91.69898989898991,7.247575757575757,25.052727272727275,81.66636363636364,0.0,7.878787878787878,66.21010101010101,93.61115289678261,99.3393956854118,99.96230516759634,73.85052339644407,90.98352388038576,98.76593819010861,57.7345971651493,82.19556872303806,95.97260425156928,12.899028246293337,16.91555457903175,4.016526332738412
Gaza Strip,Asia,3198.866644,Lower middle income,6221.762379126672,4170843.7091362905,0.0007553583122473,6569,46.83728990914197,0.0288410731688935,127,10,15.356565656565653,44.15959595959595,86.6919191919192,7.346969696969698,18.787070707070708,68.06969696969696,2.0,7.878787878787878,43.75757575757576,41.694578215377234,67.03983040098896,97.561860497726,21.638704488903812,43.393565003348904,87.34735976228721,8.981068196301,27.850926147816384,72.51053395594433,8.735808486295438,15.243628901639413,6.507820415343976
French Polynesia,Oceania,14323.82082,High income,4081.466760441425,355402.0887967984,0.0069771498342926,680,20.291121576835863,0.0524362547374615,49,8,54.48340874811462,68.9366515837104,86.36123680241327,13.676093514328809,34.37518853695324,70.09690799396681,0.0,7.356711915535449,34.98868778280543,46.70390666969594,71.32374915001276,93.89730589016233,21.423562070084998,40.72771765114649,73.50283087816287,0.9747681773066417,11.577351121361929,52.30194196007284,8.31421170290172,12.781005071997736,4.466793369096017
Qatar,Asia,64781.7332,High income,11615.77561382822,5897695.0039504655,0.0004057888168463,13621,34.96507734550539,0.1759092406913539,92,12,5.9393939393939394,15.434343434343434,51.2010101010101,2.80020202020202,8.013737373737374,31.432525252525252,0.0,2.0,15.414141414141412,59.80130290941992,72.96344374334646,82.77898564277633,52.4243252125348,68.47587511076713,80.333697670222,44.45913626679987,63.04457776022423,78.11594155185043,9.36011941988663,15.59007215524516,6.22995273535853
Reunion,Africa,23500,Upper middle income,2512.0981566134174,1946894.765174336,0.0012491005727911,4175,41.145109883452186,-0.0663612728985263,94,10,15.254545454545456,30.46565656565657,79.76161616161616,6.314242424242425,14.457575757575757,56.6620202020202,0.0,3.97979797979798,31.11111111111111,25.562714414319398,54.78771030793531,93.46502700504661,15.072648170609007,33.69554969585274,80.7612883526252,7.1923412518751855,20.791000729829623,59.814683243410286,7.828873601909637,14.481746233162902,6.652872631253265
Rwanda,Africa,801.656187,Low income,25325.76990823662,7489067.1101304125,0.0023578585039031,1918,22.218350236646383,0.0226547489766926,57,8,7.970707070707038,18.535353535353536,44.92626262626261,3.0952525252525254,7.4597979797979805,26.44343434343434,0.0,2.0,9.7979797979798,23.446589127921026,41.863122325263504,81.29976037183644,14.510324669981642,30.354105621552026,64.80641035867565,7.246815973624363,19.211956815021274,50.48984880684095,10.13957772976975,15.828954796351777,5.689377066582027
Saudi Arabia,Asia,23139.79866,High income,1924952.234628658,145904879.50579983,3.663100711678624e-05,140804,117.02864583077512,0.1301187335146469,280,28,11.696969696969695,26.142424242424244,87.67777777777778,6.2050505050505045,15.93878787878788,71.23343434343434,2.0,7.878787878787878,48.30000000000001,93.7988967842261,99.32069722734347,99.98936056607342,84.4853428367254,95.96165066443005,99.74514464294438,76.89706215060602,92.56367657103158,99.04936558091136,14.470411712216253,18.798465457113345,4.328053744897092
Sudan,Africa,441.5056034,Lower middle income,1883877.0824138862,29706951.471454933,0.0005013562204999,9366,59.15701935108682,0.081152721490912,161,9,66.97575757575757,89.1010101010101,97.67777777777778,37.19767676767677,72.35030303030302,95.79121212121213,11.655555555555555,46.4040404040404,92.68282828282827,83.20080499413386,98.00381818662537,99.92809231049047,57.06096848692382,85.78569449922115,99.12924401316845,30.220438336114277,65.05936657293714,96.81992336856996,14.448842489109934,17.206891632663975,2.7580491435540413
Senegal,Africa,1446.830965,Low income,196861.68667965173,14602324.28369282,0.0011116889399528,4596,38.883117856926894,-0.0148633692089811,119,14,43.810101010100986,51.76666666666666,79.08282828282827,8.077171717171717,22.02949494949495,59.226262626262624,0.0,2.0,32.41919191919192,53.61189572777327,64.70369388191638,86.69130201497187,36.49101806519305,55.289504694867794,76.40366335472605,17.197799202576743,44.98423118642674,67.92569147936813,12.190256663061014,16.496691271521193,4.306434608460178
Singapore,Asia,65233.28244,High income,696.7693990358962,2717110.7698218827,0.0003753007824674,13974,36.04447198786812,0.1717380292032581,106,8,2.0,3.97979797979798,9.7979797979798,0.2596969696969697,0.8184848484848485,4.893232323232323,0.0,0.0,0.0,12.76318442876048,26.578004098751855,62.192772570346314,8.580793685053276,20.709594970657086,53.35798976876529,5.33437043710905,15.545465146062979,46.31972212706134,6.546454508150139,14.815079656742657,8.26862514859252
Solomon Is.,Oceania,2127.538508,Lower middle income,28550.29645810748,158479.12817606202,0.092063492063492,58,5.220634920634921,0.0795548227535038,15,6,36.37362637362634,60.43956043956044,79.12087912087912,8.719780219780219,21.043956043956044,56.197802197802204,0.0,0.0,14.285714285714285,41.83973500952969,85.35477643801754,95.1569289883878,13.217098652776444,30.599055260517833,73.43407344506478,0.0005755841739526,0.006534437050554345,35.8970656641592,10.259422598851874,11.973378180196663,1.7139555813447898
Sierra Leone,Africa,504.4625434,Low income,72722.48184300913,7210269.49249037,0.0028036790358388,1547,32.60191563590232,0.0031794844552527,94,8,25.831313131313113,52.39090909090908,89.37979797979797,10.97080808080808,26.61777777777778,73.24414141414141,2.0,9.734343434343433,49.33131313131313,81.5771208000145,94.36690605361913,99.44699709882259,38.524100799038166,66.20063781471057,94.15133529783719,16.445595728974766,38.821230437768605,73.05384844999598,11.194405857023238,15.791016886161826,4.596611029138587
El Salvador,Central-America,4187.250031,Lower middle income,20429.165934834775,8568195.509841733,0.0006706400673813,7100,44.71697912354144,0.0911664964907177,119,12,11.637373737373737,24.22222222222222,80.46464646464646,4.936767676767676,13.022424242424243,61.50393939393939,0.0,3.97979797979798,32.80606060606061,44.47295516423587,63.30428416061119,92.16513330354572,31.56758374866261,51.72883460950259,82.9219089818452,19.659277856510528,41.1665518029528,73.14701334825943,9.924718861468483,15.96356770945836,6.038848847989877
San Marino,Europe,48481.0133,High income,61.22912750467138,138191.31268877332,0.0103067664043273,423,16.662459491727784,0.03838138900466,53,4,16.177356218006622,42.956940680517825,78.17223727792833,5.050888286660644,16.953176753989762,53.29042457091237,0.0,0.0,24.956338452273414,26.31045788834345,62.01118619834677,90.75956653326371,10.295047699115639,27.32633892494233,68.35086543921693,1.2258385180440603,7.533695959135171,43.740225070057505,4.114623015913757,11.83639432791135,7.721771311997593
Somalia,Africa,126.9249205,Low income,634535.0177624599,15434185.14779989,0.0028060961795901,1635,30.95164246730512,0.1081866868516977,90,8,56.96464646464646,71.1,91.6979797979798,21.857979797979798,47.30959595959596,82.19040404040405,2.0,15.373737373737374,68.25959595959596,69.6709668209397,84.35022170001021,98.87712001011018,34.825907775167,63.723114524852,92.20423159683651,7.184636428475847,29.26232533547163,80.19380112313418,13.360647754152637,16.552095422027246,3.1914476678746095
Serbia,Europe,7402.354559,Upper middle income,78181.5565680294,20254159.161744133,0.0003409515067897,14215,50.22659853009245,0.034566213854023,142,10,11.637373737373737,19.17878787878785,57.52020202020203,5.482020202020202,12.788484848484847,39.42515151515151,0.0,5.938383838383839,26.141414141414145,51.58902678896066,76.43176169344378,97.26231791832085,33.47287782262014,59.87096177121518,91.2299619390696,22.445118154928274,44.94470960945284,83.5499387250864,11.266789049202842,16.823870721130454,5.557081671927612
South-Sudan,Africa,1119.651333,Low income,630300.4540473461,14367140.792226247,0.0036239282993792,1118,29.394204307871835,0.0473719021796502,85,8,53.563636363636355,70.47272727272725,91.05454545454545,19.49828282828283,43.61959595959596,80.90141414141414,2.0,11.674747474747475,66.52323232323232,79.72958972137756,92.79650240973477,98.87516728978507,42.95292640232285,73.30097535361475,95.1516840930159,12.049493008184385,42.007553492220495,87.19866504613846,13.353951895867983,16.480454267640408,3.1265023717724256
Sao Tome & Principe,Africa,1994.906467,Lower middle income,1003.0608032125006,271999.0977618994,0.0304950495049504,154,8.063168316831684,0.1306451612903228,24,7,13.902439024390246,29.02439024390244,36.83536585365853,2.922560975609756,5.959756097560976,13.168292682926829,0.0,0.0,0.0,8.30766007869109,11.15387141657055,23.211110695867756,2.236487699452019,4.796873021712133,11.87246790717025,0.017164625514997457,0.2906300202030768,3.1651374909603796,6.910811407472991,12.513554028220792,5.602742620747802
Suriname,South-America,6854.906561,Upper middle income,146403.79501730727,1658000.0916326651,0.0081316807659518,620,15.137950029510131,-0.0221748485814465,41,8,35.34241788958766,55.77568134171907,79.80433263452132,12.658979734451432,27.641160027952484,54.957023060796644,0.0,3.7037037037037033,21.10412299091545,36.32727749455748,47.70910375209616,68.20367494628107,17.81977237541756,31.772764833225164,51.46037380515644,3.4748998631147634,11.782318253485872,36.24297916321228,11.894123802422738,14.321122669944364,2.426998867521624
Slovenia,Europe,25739.24781,High income,19966.597709720154,10239049.258616492,0.0005746111948742,7666,47.06663458558248,0.0358687206409441,142,8,9.7979797979798,20.86868686868687,59.237373737373744,4.995151515151516,11.923434343434344,39.6469696969697,0.0,5.91919191919192,26.141414141414145,61.33096354809328,82.91345488957717,98.02741361409366,44.98679978354128,70.22446992940424,93.76161843184369,34.71236518726634,57.477942296351536,87.5915373194942,9.901816041826136,16.141719327426962,6.239903285600825
Swaziland,Africa,3837.026994,Lower middle income,17379.416772328146,4432346.872418046,0.0034807446821956,1377,17.909760998976253,0.0015779275667816,47,10,7.818181818181818,11.676767676767676,26.041414141414144,1.9744444444444447,4.693737373737374,14.947878787878787,0.0,0.0,5.9393939393939394,27.68880204389183,44.62338578497597,77.27629414027002,15.329352329162248,31.222466388446968,62.23144478175279,6.728689914240811,18.420825248779508,47.928571061169016,9.763041840852877,15.304439769783961,5.541397928931085
Sint Maarten,Central-America,15400,High income,37.97685135041401,62883.550251107845,0.0311799850634802,167,11.517363704256908,-0.1981784386617109,35,8,27.3784355179704,31.183932346723044,59.11205073995771,4.837209302325581,9.384249471458773,23.116807610993657,0.0,0.0,0.0,35.45850868322295,42.008434344862216,63.06583927837296,6.37996696958919,13.377555338905443,28.150135139510894,0.003224082499262851,0.22170491919946764,3.280652513262968,3.6369767991148088,11.049039886245689,7.41206308713088
Seychelles,Africa,17401.72151,High income,493.7103810281926,144929.4568424079,0.0200322553263729,236,10.03548085901027,-0.0014852535539994,24,6,9.51219512195122,25.84756097560967,56.603658536585314,1.6384146341463415,4.548780487804878,19.659756097560976,0.0,0.0,0.0,14.38731528214811,34.071115595982285,77.76163186569545,4.369961500554497,9.849430964771674,34.029550947764044,0.05390378196447647,0.987513625224713,8.167870688778798,6.2019490720402946,11.884002398485865,5.682053326445571
Syria,Asia,2032.623489,Low income,186870.69813134984,44288624.77523799,0.0001493679845075,32978,68.66325225682193,0.1283953357328967,196,12,11.696969696969695,20.809090909090912,71.8080808080808,5.401717171717172,12.747979797979799,47.322020202020205,0.0,3.97979797979798,27.65858585858586,55.797903055720234,73.2054794248512,96.63586753817408,46.20143984322496,65.50818594898381,87.66402656849574,35.12635207253315,58.873240558260605,81.92335497513187,12.138172202829212,17.60623842495982,5.4680662221306084
Turks & Caicos Is.,Central-America,27142.2278,High income,992.7689430491714,61113.505541883744,0.0341880341880341,140,9.71941391941392,-0.0723814441862478,25,6,15.333333333333332,22.666666666666664,50.699999999999996,2.0566666666666666,5.308333333333333,20.058333333333334,0.0,0.0,0.0,72.49228494366226,73.37140105763001,83.0075518130869,7.951986362194275,16.27404172753748,38.85474153477268,0.022599647456160533,0.2270371332236834,1.640361306335911,6.900497951218557,11.020488160699317,4.11999020948076
Chad,Africa,709.5403101,Low income,1273034.4512079356,22023222.934504755,0.0020781996337997,2396,31.821408405259337,0.0806003065790772,87,11,29.492929292929233,61.655555555555544,90.51616161616161,12.964343434343434,33.03848484848485,77.61212121212121,2.0,11.676767676767676,54.47575757575757,72.50456615747377,90.77300779652984,99.3508333938446,42.420771496203955,69.41467252674158,95.08629584659471,15.553345318605553,41.52380842188562,83.8089755255632,14.056913940180367,16.90760804251344,2.850694102333075
Togo,Africa,675.5422133,Low income,57021.948662604045,6573632.745254283,0.0022978717652386,2040,35.53274692547011,0.0934775332508829,101,8,51.26464646464646,64.34242424242424,86.63232323232322,14.633131313131313,31.06282828282828,69.85545454545455,2.0,5.9393939393939394,41.77676767676768,72.58937508405694,84.78673062182982,97.64896135601883,44.445824272443105,70.59250168077529,91.47733039651607,17.717360250175695,49.25663104206005,84.52333471787772,10.951191536954685,15.698577166914182,4.747385629959498
Thailand,Asia,7808.192916,Upper middle income,514759.57301758643,140529100.47392842,5.130620507806872e-05,90521,163.09834535275317,0.116261741078662,510,12,17.28080808080805,41.82424242424242,70.28787878787878,6.516262626262626,19.642828282828283,61.09030303030303,1.9000000000000021,3.97979797979798,51.27171717171717,53.98642096884486,77.7682204759066,96.046436540377,45.3724071162964,70.31824090269605,93.6851659379466,37.61133187090201,62.81572221777179,90.97724412041919,13.15145522212864,18.760925146102398,5.60946992397376
Tajikistan,Asia,870.7875893,Low income,142215.52338332517,11507043.146871092,0.0010038369631478,4153,56.937839456666296,0.082209804629404,172,12,69.03939393939393,83.39898989898991,96.46565656565656,44.71969696969697,70.07818181818182,93.08464646464647,15.052525252525255,46.01414141414141,87.28989898989899,78.14256173888084,89.13954907967207,99.51460835382859,54.738921827625624,76.77204268584441,96.22057848200794,19.89162071897141,46.78384984222908,89.66931154747624,11.865098956239288,16.258469853418024,4.393370897178734
Turkmenistan,Asia,6966.635411,Upper middle income,490728.7701680157,14839641.841260064,0.0006656764320416,7115,89.13504661512657,0.0718014744801712,256,14,65.0232323232323,85.88181818181818,97.1919191919192,29.614747474747475,69.1340404040404,94.67404040404041,7.762626262626265,37.53939393939394,90.01818181818182,91.54666953078872,98.557938856235,99.90510199689908,68.70457563689364,91.35678130374336,99.137239895298,42.36684911852859,77.64930958622799,97.60744393580816,13.10364685122949,16.512812660726283,3.409165809496793
Timor-Leste,Asia,1294.188934,Lower middle income,14942.063042198897,2277701.540645533,0.007886524822695,556,16.845943262411346,0.0446013293221871,45,8,26.40505050505047,50.717171717171716,79.62020202020203,8.642424242424243,19.21989898989899,53.96343434343434,0.0,3.978787878787879,17.25151515151515,49.45573033617149,71.41409667165121,93.57360916575153,28.614607588424697,50.507377207411515,79.56983440639834,7.708144091367206,30.24376903025976,62.67957713116572,9.611935537654064,14.638677396251788,5.026741858597723
Tonga,Oceania,4364.015561,Upper middle income,763.8565957558924,225304.0884106844,0.0249753937007874,203,9.383735236220472,-0.1075821851810143,27,8,15.548022598870054,47.27401129943502,62.90677966101693,3.989265536723164,9.710734463276836,28.853107344632768,0.0,0.0,3.333333333333333,18.172117833759458,67.41743020219093,84.14922516331443,6.41853249294268,15.658750806997617,41.5439017622858,0.17738901372350924,1.0141266098820112,10.197485268196925,6.6383800696581226,12.325206272774484,5.686826203116361
Trinidad & Tobago,Central-America,17276.46545,High income,5159.7250434866455,2182413.1745307487,0.0016635030160861,3055,28.141155445780694,-0.0118999608591986,72,8,7.945454545454516,15.315151515151513,44.284848484848474,3.1002020202020204,6.976666666666667,24.04191919191919,0.0,1.9000000000000021,9.7979797979798,21.55197851466219,43.01552519746238,85.74798759671307,12.25862580989534,28.23526871566275,66.0361355768868,5.771379731935946,15.706263662986789,49.2682021718156,8.548638570909853,14.595941783329861,6.047303212420009
Tunisia,Africa,3317.541013,Lower middle income,154772.95770839264,25670025.382658195,0.0002429487628876,23465,69.55894711959522,-0.0073090482355461,204,14,5.9393939393939394,18.87272727272727,56.133333333333326,2.0306060606060607,7.414747474747474,40.95040404040404,0.0,0.0,24.381818181818183,37.541699293866216,55.70317661819714,90.61945852104762,28.89769807674691,47.567272061295974,78.3209095168677,21.644757408380798,40.12900950286095,69.70025843360482,11.949714533071123,17.060834541653154,5.111120008582029
Turkey,Asia,9042.492983,Upper middle income,784272.9174802558,344273925.13425857,1.5213651365941144e-05,302834,187.63628750471156,0.1568716568718571,562,15,17.272727272727273,32.88888888888889,80.77373737373736,9.726262626262626,23.084242424242426,69.98,3.97979797979798,13.575757575757578,59.270707070707076,78.71106777067489,91.8621038316401,99.71889848836793,71.94571173811146,88.64499091372208,97.83903450636171,65.4132727773711,85.06956595861413,96.20990466614998,13.572512347787592,19.656948192458753,6.08443584467116
Taiwan,Asia,"33,402",High income,36418.39735039325,33307651.8758104,0.000112043828063,49728,65.983624707107,0.1960200866868229,180,16,5.9393939393939394,18.789898989898987,39.09090909090909,2.187575757575758,6.672424242424243,28.221717171717174,0.0,0.0,17.21212121212121,54.67473335095985,76.3224281038863,94.04161336222937,39.13162217795598,60.9496853845209,85.67789515799483,27.28580964781316,48.62476000197077,77.77032639980519,10.502829347656398,17.32129771461427,6.818468366957873
Tanzania,Africa,1122.12181,Low income,942656.2976329927,64270157.585441865,0.0004195125959769,9618,56.39929577888677,0.0179850934832099,157,8,13.665656565656537,35.89494949494947,92.01010101010101,6.894949494949495,20.405050505050507,81.77969696969697,2.0,11.582828282828284,67.26262626262626,58.7434305976903,91.76502545851787,99.89115944095364,48.24446935818033,74.60346268122186,98.49769339545166,37.364085859326664,64.04410117551637,93.80906671762129,13.756457017587879,17.97860596927292,4.22214895168504
Uganda,Africa,776.7685759,Low income,241398.0688874624,37099468.90870168,0.0005093388927735,8966,54.65350327278358,0.0484710700921718,139,14,23.102020202020196,29.930303030303026,74.4050505050505,5.8536363636363635,13.136666666666667,46.12232323232323,0.0,3.97979797979798,24.424242424242426,43.09780494976745,61.25469462736512,94.21999206143026,24.784428567521196,45.62897888546595,80.44523620902774,14.144220871558742,34.92536290441468,67.9263210458955,12.394202587975885,17.429113212345868,5.034910624369982
Ukraine,Europe,3659.031312,Lower middle income,602504.8649988109,146907315.47593078,5.662197355500728e-05,75501,129.28975072285823,0.071006513660673,340,9,17.35757575757573,32.96969696969695,79.84242424242424,8.802929292929294,21.301717171717172,65.83040404040403,2.0,11.674747474747475,53.71919191919192,85.8584049555769,97.26958115083443,99.93702388630628,65.61836378113601,86.11672003641485,99.11532892317818,56.744414972060355,81.45013316993183,98.12040512354795,13.30885101900117,18.805312438923448,5.496461419922276
Uruguay,South-America,16190.12696,High income,177422.2280659098,12392929.117509289,0.0005456181664867,9702,56.84421364117401,0.0095514857623282,133,12,13.497979797979799,44.86565656565654,92.39292929292928,6.132121212121213,20.14969696969697,79.45515151515151,0.0,7.878787878787878,56.55959595959595,86.40808428544811,94.93548808226329,99.34017682021302,75.08965081780764,90.32541520129683,97.24974989754139,61.828937227235635,84.90446467494613,95.5692938502893,12.086287640139732,16.332636635471975,4.246348995332243
Uzbekistan,Asia,1724.841134,Lower middle income,448459.4536826223,31660636.65833476,0.0002171984452171,22349,115.35562427497057,0.1046500760307599,325,10,49.898989898989896,65.92020202020201,94.46666666666667,20.35222222222222,47.57363636363636,89.03121212121212,2.0,18.923232323232327,79.82222222222224,79.89317335785988,91.04539762830883,98.76135452343998,41.16327047520409,78.26758453818059,97.60783922943601,12.990688851285755,43.92180954714807,96.12689735168733,13.013573552119185,17.27058472144852,4.257011169329335
Saint Vincent and the Grenadines,Central-America,7463.537831,Upper middle income,398.00176001924115,130230.85346601612,0.0946969696969697,50,5.520833333333333,-0.102810387762361,13,6,48.52941176470589,61.76470588235294,83.82352941176471,9.577205882352942,25.8125,68.2389705882353,0.0,0.0,33.088235294117645,77.82142236644154,82.96768088367713,96.43826458515117,11.510452191914085,31.978699438834045,81.23279587275368,0.018604858720380736,0.716729225936222,44.4093048807595,5.986456427433557,11.777063950468772,5.790607523035214
Venezuela,South-America,16054.49051,Upper middle income,916634.6382576794,617649.8269815929,0.004305582015622,1130,21.24806248809297,0.2604393235749411,55,5,23.370786516853933,29.04993757802746,73.70786516853933,3.5681647940074908,9.410112359550562,41.68589263420724,0.0,0.0,8.739076154806492,19.968192211638573,39.93981431450968,82.4542269533496,8.966783730668888,21.461609179287198,58.66738754402434,2.9068127003197892,10.122146690572821,34.90587736294244,13.728464240281694,13.333676952841214,-0.39478728744047936
"Virgin Islands, British",Central-America,34200,High income,169.32979324369188,77943.11571100132,0.0873949579831932,52,4.436974789915967,-0.031746031746038,10,4,17.316017316017316,39.50216450216446,80.95238095238095,2.5454545454545454,10.755411255411254,62.183982683982684,0.0,0.0,33.33333333333333,36.16033632616246,68.08922569404196,95.9592483286752,12.940603365014107,31.52693248590978,80.63993881036554,0.2675191015742519,8.960591554789548,55.671710499093315,5.131848252650649,11.263734553857116,6.1318863012064675
United States Virgin Islands,Central-America,35938.02439,High income,362.19735103008605,278101.8543622489,0.0233705226071638,199,8.725543159130945,0.1186212208742522,24,4,2.898550724637681,2.898550724637681,8.444160272804773,0.347612958226769,0.7947570332480819,2.3064791133844844,0.0,0.0,0.0,12.310702493147565,17.663330590186003,33.770984703014115,3.687759254379358,7.519385906867406,17.745266720845517,0.3595696495285587,1.663347727292501,5.960967137882397,5.89218923186676,12.535742708169078,6.643553476302317
Vietnam,Asia,2715.276036,Lower middle income,329430.0080920123,98114938.66280182,6.25774763856337e-05,73373,205.5361163478977,0.11277872503026,538,16,24.4040404040404,69.62626262626263,97.3949494949495,14.157070707070707,42.95939393939394,95.08555555555554,5.9393939393939394,22.646464646464644,92.1757575757576,87.00707554554063,94.82121818057999,99.6590696701515,76.16613363930777,90.0326123450719,97.88749868961038,68.95519262285336,85.80403704777528,96.11861346882414,12.705119191823545,18.40165019288919,5.696531001065643
Vanuatu,Oceania,3058.065675,Lower middle income,12336.988875451218,160100.48639306863,0.0855855855855855,57,6.25975975975976,-0.1126126126126126,16,6,41.90476190476191,67.61904761904762,87.61904761904762,8.21904761904762,28.4,72.58095238095238,0.0,0.0,46.57142857142856,66.28516998537211,87.25276970779798,98.09204698010257,11.62907590607833,37.186295390161774,82.08883352054576,0.000339166524333745,0.2988194343879429,42.581407785451,9.420357254348696,11.983556937038085,2.563199682689388
Wallis & Futuna,Oceania,12848,Lower middle income,155.65745257139648,53909.509714025015,0.4444444444444444,16,1.7777777777777777,-0.3333333333333333,3,8,25.0,85.71428571428571,100.0,5.107142857142857,65.28571428571428,100.0,0.0,46.42857142857143,100.0,69.1661396112862,98.91590313403174,100.00000000000004,14.882369371704737,80.42660032376071,100.0,0.2854317861418138,40.33345692607129,100.0,5.047657776058747,10.895062173876907,5.847404397818159
Samoa,Oceania,4315.920675,Upper middle income,2852.323786274188,324838.1610129419,0.0373381511592893,124,6.967178560674496,-0.0627217642884432,18,8,6.25,27.27822580645159,60.28225806451613,2.04133064516129,6.087701612903226,22.842741935483872,0.0,0.0,0.0,28.30206226171194,32.269982356488356,83.16233236824208,4.404674625680251,10.73564429107663,31.879771136499784,0.012809595390846423,0.33680007859644545,2.84798658628526,7.955889304639349,12.691082371171548,4.735193066532199
Yemen,Asia,968.1590476,Low income,453725.5306847719,20851815.979510363,0.0004125445886015,11484,63.07771820596558,0.1006835027077564,156,12,31.79696969696969,72.53131313131313,97.17272727272727,13.703535353535353,43.73292929292929,94.00545454545454,3.97979797979798,20.86868686868687,88.5,54.56528191298072,89.69200602327614,99.81498900904265,39.804290235026066,66.79891821373296,98.11515596107239,27.282827770144138,50.57776730569628,94.20049656733555,13.025247736241575,16.85295159975496,3.8277038635133827
South Africa,Africa,6001.400814,Upper middle income,1224071.2074484194,159782758.7588219,6.427180102595032e-05,79195,93.84334056934776,0.0464189979367591,246,10,7.878787878787878,13.575757575757578,40.80808080808081,2.81,7.071010101010102,30.674949494949498,0.0,2.0,19.090909090909093,73.41896885572916,86.67588848763995,98.48463789590791,68.08230111116352,82.81405924530507,95.74661160367734,62.7501843143133,78.50632453693306,94.01419335520187,14.0176929163822,18.889325692852477,4.871632776470278
Zambia,Africa,1291.343357,Lower middle income,752131.950475292,28974587.97078985,0.0012829387709325,3386,39.40525898805458,0.0263376807951153,101,10,38.66060606060603,73.04343434343434,93.47676767676768,11.044848484848485,40.148686868686866,87.67181818181818,2.0,11.696969696969695,78.10000000000001,87.70193817398794,97.55223881311778,99.74297816856172,66.77670698267728,87.88042841658658,98.81380829286016,46.704200469515904,72.3092104812897,97.55503354028639,13.530667053597178,17.181929726926423,3.6512626733292453
Zimbabwe,Africa,1463.98591,Low income,391579.4742284415,34693846.08019389,0.00085691624941,5763,33.852852179493546,0.0430732104571553,77,8,5.88080808080808,11.696969696969695,39.10303030303028,1.6775757575757575,5.031212121212121,22.19151515151515,0.0,0.0,9.796969696969699,44.45565412297829,60.47644196332125,84.2182446074318,34.894184249780125,51.224202787954965,74.35496988629204,25.55891616490364,42.974240154195556,65.45891980866904,12.877943773117787,17.36207288279725,4.484129109679462
