,no_edges,pct_edges_cause_isolation,avg_pct_trips_isolated,max_pct_trips_isolated,pct_edges_cause_delay,avg_pct_trips_delayed,max_pct_trips_delayed,IncomeLevel,GDP_CAP,AreaKM,Continent,SIDS,mean_slope,max_slope,landlocked,population,builtarea,Density,Clique_No,Edge_Connectivity,Ave_Path_Length,Assortativity,Diameter,Max_Degree,Transivitity,Articulation_Points,Total_Edge_Length,logGDP_CAP,logAREA,logPOP,POP_AREA,logEdges
MAF,105.0,20.95,20.92,51.52,45.71,17.71,51.14,High income,15400.0,56.122879035008964,Central-America,2.0,4.428571428571429,10.0,0.0,41176.6015625,10.962603759765624,0.0434782608695652,3.0,1.0,11.938302277432712,-0.164518109269491,32.0,8.0,0.1025641025641025,33.0,59718.59263109932,9.642122788401721,4.027543555326245,10.625625450767838,733.6865511980309,4.653960350157523
SXM,167.0,6.59,10.37,27.38,55.69,14.39,49.68,High income,15400.0,37.97685135041401,Central-America,2.0,2.340909090909091,10.0,0.0,29312.833984375,26.308242797851562,0.0311799850634802,3.0,1.0,11.517363704256908,-0.1981784386617109,35.0,8.0,0.1111111111111111,22.0,62883.550251107845,9.642122788401721,3.6369767991148088,10.285780719046965,771.8605661618507,5.117993812416755
PNG,720.0,19.17,10.22,50.51,34.03,11.29,50.51,Lower middle income,2845.0,465313.4407848903,Oceania,2.0,6.677017057831915,55.0,0.0,8617461.0,0.006535025301945279,0.0044712720769058,3.0,1.0,36.82897384305835,0.0668040484140233,100.0,8.0,0.1023017902813299,216.0,5983494.787331083,7.953318346560431,13.050466523692974,15.969301051688417,18.51969069594051,6.579251212010101
CPV,551.0,1.27,3.45,3.45,47.91,8.93,41.02,Lower middle income,3604.0,4098.774054366201,Africa,1.0,8.653736799350122,46.0,0.0,518789.125,0.47796453360072344,0.0087197341351479,3.0,1.0,18.19240386137047,0.0385284377892015,49.0,8.0,0.2158273381294964,11.0,369489.2434677332,8.189799618728228,8.318443196849463,13.15925276936972,126.57177929760782,6.311734809152915
STP,154.0,5.19,9.6,29.02,68.18,9.89,33.78,Lower middle income,1995.0,1003.0608032125006,Africa,1.0,8.83868169991327,40.0,0.0,191013.15625,0.004538733253525468,0.0304950495049504,3.0,1.0,8.063168316831684,0.1306451612903228,24.0,7.0,0.2307692307692307,11.0,271999.0977618994,7.598399329323964,6.910811407472991,12.160097585546639,190.4302866169654,5.0369526024136295
SYC,236.0,1.69,4.88,4.88,68.22,13.18,47.68,High income,17402.0,493.7103810281926,Africa,1.0,5.534825870646766,23.0,0.0,91491.890625,0.6422217314380065,0.0200322553263729,3.0,1.0,10.03548085901027,-0.0014852535539994,24.0,6.0,0.2256637168141592,4.0,144929.4568424079,9.76434042112597,6.2019490720402946,11.424005620286824,185.31490149034457,5.4638318050256105
TGO,2040.0,2.3,6.25,50.0,35.83,5.68,49.78,Low income,676.0,57021.948662604045,Africa,0.0,1.5576135959188515,21.0,0.0,8106789.0,0.4406699893383132,0.0022978717652386,3.0,1.0,35.53274692547011,0.0934775332508829,101.0,8.0,0.11794500723589,110.0,6573632.745254283,6.516193076042964,10.951191536954685,15.908212416740797,142.16962398053872,7.620705086838262
COM,267.0,6.37,3.6,8.56,59.93,11.25,32.22,Lower middle income,1394.0,1672.7701693878212,Africa,1.0,12.699424986931522,43.0,0.0,794047.25,1.7464242734765905,0.0169491525423728,3.0,1.0,12.710975687170698,-0.0757709251101327,28.0,8.0,0.1255506607929515,18.0,366370.8235016935,7.2399325913204695,7.422236315212605,13.584898247274815,474.68998702349836,5.58724865840025
GNB,368.0,14.4,7.17,35.53,39.67,7.15,42.95,Low income,698.0,33860.10469763923,Africa,1.0,0.4383388638502303,6.0,0.0,1768625.5,0.2009617484675756,0.0109296109296109,3.0,1.0,15.913899613899614,0.0106336021828985,37.0,8.0,0.1834061135371179,62.0,2021636.017312381,6.548219102762372,10.429992747756748,14.385713249203706,52.23331456867322,5.908082938168931
MDV,56.0,8.93,48.0,60.0,25.0,44.29,60.0,Upper middle income,10791.0,299.73733674845784,Asia,1.0,0.05,1.0,0.0,299040.78125,5.441750081380208,0.0796586059743954,3.0,1.0,5.732574679943101,-0.0148270181219076,14.0,4.0,0.2242990654205607,8.0,18362.875490826795,9.286467732363734,5.702906546971724,12.60833523521273,997.6761136733446,4.02535169073515
SGP,13974.0,0.01,2.0,2.0,41.96,0.78,10.1,High income,65233.0,696.7693990358962,Asia,1.0,0.458955223880597,3.0,0.0,4293825.5,30.291695271309315,0.0003753007824674,4.0,1.0,36.04447198786812,0.1717380292032581,106.0,8.0,0.1559739729041586,98.0,2717110.7698218827,11.085720754840969,6.546454508150139,15.27268861849544,6162.477149457579,9.544953739112396
TLS,556.0,6.65,3.87,19.78,43.35,7.85,27.27,Lower middle income,1294.0,14942.063042198897,Asia,1.0,8.200931924082282,41.0,0.0,1314375.625,0.15389488653604952,0.007886524822695,3.0,1.0,16.845943262411346,0.0446013293221871,45.0,8.0,0.1164510166358595,55.0,2277701.540645533,7.165493475060845,9.611935537654064,14.088872300950163,87.96480253683727,6.320768294250582
ABW,956.0,0.21,2.0,2.0,56.07,4.29,32.12,High income,29008.0,181.8430308646269,Central-America,1.0,1.3333333333333333,4.0,0.0,112179.34375,26.36586786407271,0.0060644121770351,3.0,1.0,15.640747013784486,-0.0150523684294388,40.0,10.0,0.1323273360417876,10.0,303637.3871845743,10.275326932994632,5.2031438471607,11.62785415307196,616.9020787687593,6.862757913051401
ATG,287.0,4.53,4.31,12.3,70.38,6.0,26.73,High income,17790.0,435.63753293644277,Central-America,1.0,1.3969171483622351,10.0,0.0,88189.359375,1.2925740239501313,0.0168625146886016,3.0,1.0,10.107285546415982,-0.054805941705945,27.0,6.0,0.0830039525691699,24.0,229873.18680434875,9.786391780659882,6.076810551112859,11.387241592710248,202.43746855454341,5.659482215759621
BHS,730.0,0.55,3.46,5.88,64.11,3.94,18.55,High income,32933.0,13397.840998394413,Central-America,1.0,0.025515025515025515,2.0,0.0,366988.3125,0.9295104220695021,0.0081021087680355,3.0,1.0,13.745882352941177,0.0500997371346324,40.0,10.0,0.1742993848257006,15.0,333736.2365101186,10.402230473559138,9.502848853435053,12.813085280480564,27.39160082165325,6.593044534142437
BLZ,939.0,7.67,11.76,49.78,27.58,9.14,49.78,Upper middle income,4815.0,21989.934536428784,Central-America,1.0,1.890796857463524,22.0,0.0,390344.15625,0.1691154656183634,0.0048934285267601,3.0,1.0,29.12305487518891,0.0889915837446465,72.0,8.0,0.160621761658031,127.0,2053679.0006981764,8.479491324232226,9.998340106574334,12.874784080897118,17.751037666954,6.844815479208263
BRB,1029.0,0.29,2.0,2.0,67.93,3.09,25.92,High income,18148.0,435.1182895156155,Central-America,1.0,3.013539651837524,10.0,0.0,272852.65625,17.36416015625,0.0050958252859901,3.0,1.0,16.90522458277621,-0.0620419379313787,42.0,12.0,0.1543766578249336,7.0,603689.8520893592,9.806315640783854,6.075617924043399,12.516687207769483,627.0769646427558,6.9363427358340495
CYM,377.0,0.27,4.35,4.35,52.79,10.37,47.63,High income,85477.0,280.2124919332643,Central-America,1.0,0.06382978723404255,2.0,0.0,63564.453125,5.500405074139031,0.0148279252704031,3.0,1.0,14.086961651917404,0.006428872492484,46.0,8.0,0.2313937753721245,9.0,164933.75222328247,11.356002612888336,5.635548215112092,11.059809679949117,226.8437523482664,5.932245187448011
DMA,133.0,8.27,26.26,51.85,60.9,14.35,51.85,Upper middle income,8300.0,754.1964311469147,Central-America,1.0,9.524972253052164,23.0,0.0,67797.3125,0.7606239740694115,0.0363885088919288,3.0,1.0,11.574008207934336,-0.072125583368689,35.0,8.0,0.1666666666666666,23.0,318149.451807182,9.02401079378469,6.6256528528413225,11.124277834499788,89.89344115153116,4.890349128221754
DOM,8230.0,0.4,7.14,35.78,28.13,5.62,37.17,Upper middle income,8282.0,48093.57349098366,Central-America,1.0,5.2406742334406236,37.0,0.0,11349501.0,1.6878732678567132,0.0006065096988122,3.0,1.0,45.98310896282052,0.1189876390087585,106.0,8.0,0.1239376371925479,202.0,9121232.990723062,9.021839764105513,10.78090383991155,16.2446843361675,235.98789144099985,9.015541293671115
GRD,163.0,2.45,4.65,4.65,68.1,11.21,28.35,Upper middle income,10966.0,359.43350665444814,Central-America,1.0,6.287841191066997,15.0,0.0,94712.640625,4.378736572265625,0.0329292929292929,3.0,1.0,8.881818181818181,-0.1524630748573344,24.0,8.0,0.055813953488372,7.0,214375.5319455964,9.302554855963994,5.884529199426371,11.458602750995027,263.50531842890973,5.093750200806762
JAM,2416.0,0.5,2.16,3.96,47.02,3.79,30.08,Upper middle income,5582.0,11008.257281782719,Central-America,1.0,5.737857518204339,30.0,0.0,2693199.25,2.715980492694462,0.0021066307423344,4.0,1.0,26.28594024527948,-0.0629221927902971,71.0,10.0,0.1477037649979313,54.0,3850800.2980647385,8.627302414096267,9.306400932154968,14.806240357174092,244.65264401631546,7.789868559054706
KNA,261.0,2.3,7.91,22.44,62.84,8.61,31.92,High income,19896.0,266.91444315422945,Central-America,1.0,8.914826498422713,23.0,0.0,53970.5,1.5911581380919078,0.020778600429902,3.0,1.0,9.914974922378793,-0.174559266751992,24.0,10.0,0.1246753246753246,13.0,132509.12839775125,9.898273985483241,5.586928169424535,10.896192879975926,202.2014970872692,5.564520407322694
LCA,192.0,5.21,5.83,15.91,58.33,17.4,48.38,Upper middle income,11611.0,614.6724583394007,Central-America,1.0,5.2,25.0,0.0,167531.875,2.420747907634875,0.025177025963808,3.0,1.0,9.370312090217675,-0.0111305307699382,24.0,8.0,0.1525423728813559,13.0,268946.04078721127,9.359708203627006,6.421089537865102,12.028928910650256,272.55471223259974,5.2574953720277815
PRI,12207.0,0.11,2.0,2.0,38.22,1.72,19.98,High income,32874.0,8979.731992625258,Central-America,1.0,4.408365794843257,26.0,0.0,3647848.5,12.746384431215219,0.0003883800210215,3.0,1.0,48.88531370555456,0.0854451014099006,135.0,8.0,0.1541782889457796,470.0,9416944.262057638,10.40043735076647,9.102725315931641,15.109648099708718,406.2313332954537,9.4097648366698
TCA,140.0,1.43,11.67,15.33,62.14,13.8,45.0,High income,27142.0,992.7689430491714,Central-America,1.0,0.02336028751123091,1.0,0.0,38855.828125,1.301052658646195,0.0341880341880341,3.0,1.0,9.71941391941392,-0.0723814441862478,25.0,6.0,0.1398305084745762,7.0,61113.505541883744,10.208837622641315,6.900497951218557,10.567613360632022,39.13884333010958,4.941642422609304
TTO,3055.0,0.69,2.56,5.88,43.73,4.77,42.85,High income,17276.0,5159.7250434866455,Central-America,1.0,2.329766216661179,22.0,0.0,1349734.5,5.096599842767295,0.0016635030160861,3.0,1.0,28.141155445780694,-0.0118999608591986,72.0,8.0,0.139129067756642,49.0,2182413.1745307487,9.757073534080591,8.548638570909853,14.11541846440652,261.5903926322258,8.024534871605695
VCT,50.0,6.0,24.02,48.53,56.0,21.14,51.47,Upper middle income,7464.0,398.00176001924115,Central-America,1.0,9.04,33.0,0.0,101068.3203125,3.391702197846912,0.0946969696969697,3.0,1.0,5.520833333333333,-0.102810387762361,13.0,6.0,0.1111111111111111,6.0,130230.85346601612,8.91784674252718,5.986456427433557,11.523552005879457,253.93938033744854,3.912023005428146
VGB,52.0,1.92,9.09,9.09,78.85,14.07,45.02,High income,34200.0,169.32979324369188,Central-America,1.0,4.080882352941177,13.0,0.0,29540.7109375,5.962722133582746,0.0873949579831932,3.0,1.0,4.436974789915967,-0.031746031746038,10.0,4.0,0.145631067961165,2.0,77943.11571100132,10.439980923050696,5.131848252650649,10.293524622738895,174.45666454565574,3.9512437185814275
HTI,1377.0,4.28,2.55,22.85,37.91,11.87,45.03,Low income,755.0,27128.563540165178,Central-America,1.0,7.558311073336571,42.0,0.0,13361839.0,1.2324725297796784,0.0030547390605069,3.0,1.0,28.305961954411845,0.0628753249842821,72.0,8.0,0.1418918918918918,153.0,4248069.02464859,6.626717749249025,10.208342456966486,16.407913366300523,492.5376524347534,7.227662498728654
VIR,199.0,2.01,2.9,2.9,77.39,6.98,37.21,High income,35938.0,362.19735103008605,Central-America,1.0,3.5384615384615383,13.0,0.0,99624.421875,14.15215395296927,0.0233705226071638,3.0,1.0,8.725543159130945,0.1186212208742522,24.0,4.0,0.0981308411214953,8.0,278101.8543622489,10.4895505104864,5.89218923186676,11.509162613064387,275.0556335977307,5.293304824724492
CUW,884.0,1.7,5.46,27.15,63.91,4.42,33.19,High income,19574.0,437.36319169711265,Central-America,1.0,1.3801169590643274,5.0,0.0,165521.328125,16.74955174180328,0.0057294704776719,3.0,1.0,18.783304167476828,0.0084727232972563,63.0,8.0,0.1430192962542565,44.0,421158.9535986072,9.881957433985765,6.080763952203048,12.016855336342042,378.4528082546749,6.784457062637643
ASM,63.0,23.81,15.86,45.16,50.79,15.54,49.03,Upper middle income,11467.0,223.27625795982456,Oceania,1.0,8.506550218340612,32.0,0.0,50706.7734375,1.53732044160054,0.0608695652173913,3.0,1.0,6.417391304347826,0.2489270386266094,16.0,6.0,0.0967741935483871,13.0,118359.51355942158,9.347228624038305,5.408409829681609,10.833814779028588,227.103293027349,4.143134726391533
FJI,599.0,5.68,3.59,8.32,46.24,9.42,32.88,Upper middle income,6220.0,21115.07903235143,Oceania,1.0,5.612511251125112,60.0,0.0,882990.375,0.13230359159791552,0.0078562528690405,4.0,1.0,19.416460095743982,0.0372403335860501,46.0,8.0,0.1876750700280112,44.0,1371242.972176487,8.735525185733225,9.957742710309248,13.691069579186937,41.81800000119004,6.395261598115449
FSM,7.0,0.0,0.0,0.0,42.86,55.56,66.67,Lower middle income,3568.0,788.6787958757003,Oceania,1.0,5.0528455284552845,20.0,0.0,76889.6328125,0.5079489315257353,0.4666666666666667,2.0,1.0,1.8,-0.1666666666666659,3.0,3.0,0.0,2.0,44707.90668648511,8.1797604936999,6.670359135137887,11.250126332523863,97.49169524346917,1.9459101490553132
MHL,28.0,3.57,100.0,100.0,32.14,100.0,100.0,Upper middle income,3788.0,301.0094476527774,Oceania,1.0,0.019801980198019802,1.0,0.0,21671.896484375,0.5306468593420358,0.1473684210526315,3.0,1.0,4.010526315789473,-0.0370370370370383,11.0,3.0,0.1111111111111111,2.0,49467.38889582166,8.239593454305968,5.707141651807052,9.983771607285039,71.99739627233934,3.332204510175204
NCL,1754.0,4.33,7.42,35.78,27.19,8.57,48.26,High income,12580.0,18819.16535622125,Oceania,1.0,7.317374350086655,40.0,0.0,246732.0,0.1968557567918736,0.0026047699664379,3.0,1.0,39.22370875285871,0.0176033722854491,128.0,10.0,0.1884768617836346,147.0,2273864.44960339,9.439863530254431,9.842631063389796,12.416058006306601,13.11067708528504,7.469654172932128
NRU,4.0,0.0,0.0,0.0,75.0,55.56,66.67,High income,9397.0,22.158760122399134,Oceania,1.0,0.4782608695652174,1.0,0.0,8306.6796875,7.897289075349507,0.6666666666666666,2.0,2.0,1.3333333333333333,,2.0,2.0,0.0,0.0,16861.53506139095,9.148145768383065,3.098232909158485,9.024815251748102,374.87114087684046,1.3862943611198906
PLW,76.0,13.16,23.43,51.43,57.89,15.63,53.33,High income,15859.0,487.1646840670142,Oceania,1.0,1.9942418426103647,8.0,0.0,21250.67578125,0.4352351227915027,0.0511784511784511,3.0,1.0,7.876767676767677,-0.1542056074766372,22.0,4.0,0.3088235294117647,16.0,156601.59604677328,9.6714924414986,6.188602226221159,9.964143975317494,43.62113362537331,4.330733340286331
PYF,680.0,4.71,4.74,17.72,32.5,13.25,30.92,High income,14324.0,4081.466760441425,Oceania,1.0,10.061679040548258,43.0,0.0,268191.21875,0.5523461577123167,0.0069771498342926,3.0,1.0,20.291121576835863,0.0524362547374615,49.0,8.0,0.1332831325301204,67.0,355402.0887967984,9.569691731118324,8.31421170290172,12.499455507869392,65.70951927120294,6.522092798170152
SLB,58.0,6.9,17.31,26.37,51.72,21.14,43.96,Lower middle income,2128.0,28550.29645810748,Oceania,1.0,6.539899374904711,40.0,0.0,523347.5625,0.030675900012734177,0.092063492063492,3.0,1.0,5.220634920634921,0.0795548227535038,15.0,6.0,0.1188118811881188,10.0,158479.12817606202,7.662937850461535,10.259422598851874,13.1680010777772,18.330722529201058,4.060443010546419
TON,203.0,4.43,6.1,15.54,71.43,8.96,41.98,Upper middle income,4364.0,763.8565957558924,Oceania,1.0,2.4405506883604504,23.0,0.0,95285.8984375,0.7086903133594935,0.0249753937007874,3.0,1.0,9.383735236220472,-0.1075821851810143,27.0,8.0,0.1156626506024096,9.0,225304.0884106844,8.381144346952961,6.6383800696581226,11.464637108468017,124.74317688283831,5.313205979041787
VUT,57.0,3.51,23.81,34.29,50.88,24.56,41.9,Lower middle income,3058.0,12336.988875451218,Oceania,1.0,7.185057874430025,33.0,0.0,253601.0625,0.05854038354254615,0.0855855855855855,3.0,1.0,6.25975975975976,-0.1126126126126126,16.0,6.0,0.1791044776119403,4.0,160100.48639306863,8.025516386489008,9.420357254348696,12.443517691205201,20.556155562775015,4.04305126783455
WSM,124.0,5.65,7.09,12.1,55.65,14.87,40.32,Upper middle income,4316.0,2852.323786274188,Oceania,1.0,7.215895610913405,27.0,0.0,189966.21875,0.3880762104984128,0.0373381511592893,3.0,1.0,6.967178560674496,-0.0627217642884432,18.0,8.0,0.2101167315175097,12.0,324838.1610129419,8.370084326378025,7.955889304639349,12.1546015392824,66.6005099645931,4.820281565605037
KIR,12.0,8.33,50.0,50.0,33.33,54.17,66.67,Lower middle income,1655.0,3372.0292836640137,Oceania,1.0,0.01818181818181818,1.0,0.0,72510.953125,0.16656262060839258,0.4285714285714285,2.0,1.0,2.5,-0.1575562700964634,6.0,6.0,0.0,4.0,39849.92655335567,7.411556287811163,8.123270003444658,11.191492907017905,21.503654632029267,2.4849066497880004
GUY,587.0,6.98,15.58,49.47,32.88,14.66,50.21,Upper middle income,5468.0,209881.9701580743,South-America,1.0,1.7904296391323586,60.0,0.0,718749.375,0.021050561391017925,0.0088850543395997,3.0,1.0,17.94923258559622,0.1628065606300185,64.0,8.0,0.1216509775524982,51.0,1042824.2030124762,8.60666819784384,12.254300604825746,13.485268001528102,3.4245408238671864,6.375024819828097
SUR,620.0,4.68,9.73,28.3,45.65,7.5,37.11,Upper middle income,6855.0,146403.79501730727,South-America,1.0,1.3356127679403542,33.0,0.0,600220.3125,0.07635562033543282,0.0081316807659518,3.0,1.0,15.137950029510131,-0.0221748485814465,41.0,8.0,0.1081504702194357,45.0,1658000.0916326651,8.832733591996416,11.894123802422738,13.30505205430145,4.099759247559425,6.429719478039138
AGO,8859.0,0.77,2.2,5.88,24.96,4.71,27.43,Lower middle income,2974.0,1251923.6332830794,Africa,0.0,1.660858739667347,48.0,0.0,30796016.0,0.08982531492396237,0.0005311724286793,4.0,1.0,54.66858144164238,0.1355152562557388,130.0,13.0,0.1453851492019431,419.0,41317289.80458367,7.9976631270201,14.040191833001575,17.242895888927936,24.598957301604468,9.089189170412032
BDI,5074.0,0.32,2.96,7.76,32.4,4.71,27.45,Low income,261.0,26983.902711806455,Africa,0.0,4.690211363564344,30.0,1.0,10672796.0,0.2774513190421777,0.0008959448518927,3.0,1.0,37.68710282618158,0.0458443378298193,108.0,8.0,0.1186793575252825,109.0,13680832.680570692,5.564520407322694,10.202995771332024,16.183208632062165,395.52455084009245,8.531884740159228
BEN,4172.0,1.65,2.23,5.88,37.56,4.03,31.7,Lower middle income,1219.0,115359.1293343792,Africa,0.0,0.8948905749107293,11.0,0.0,12048475.0,0.5231737360195309,0.0011183349568669,3.0,1.0,46.42531361361045,0.0734302108967777,128.0,10.0,0.1190965092402464,325.0,13447494.236810548,7.105786129481271,11.655805405111474,16.30444865387545,104.44318598380168,8.336150816120663
BFA,3153.0,1.14,2.27,5.88,40.12,4.73,24.22,Low income,775.0,273615.4120845791,Africa,0.0,0.5280506066069737,9.0,1.0,21179222.0,0.12519826350982532,0.0014954247969224,3.0,1.0,29.17428504892975,0.0899927845923289,72.0,10.0,0.1183597390493942,130.0,19910442.696962077,6.652863029353347,12.519478793862508,16.86853116469611,77.40507685090907,8.056109659545061
BWA,4553.0,0.75,4.02,13.15,35.91,5.54,28.06,Upper middle income,7961.0,579274.3684933373,Africa,0.0,0.15214117814854536,14.0,0.0,2311020.25,0.0455243078726296,0.0010779211770435,3.0,1.0,35.33456466828651,0.0319097144437596,91.0,8.0,0.1710033076074972,149.0,19880416.099160504,8.982309899088579,13.269531510453055,14.65319965165863,3.989508902337323,8.423541635334782
CAF,1302.0,5.91,3.1,32.32,49.69,5.29,32.32,Low income,468.0,621569.7779342877,Africa,0.0,1.1408879336308628,17.0,1.0,5186950.0,0.023623640350190822,0.0029252116397361,3.0,1.0,27.445589266135844,-0.0008185070822905,72.0,8.0,0.1377091377091377,195.0,17502475.057971094,6.148468295917647,13.34000345705676,15.461656413803754,8.344919885323582,7.171656822768514
CIV,5400.0,0.65,2.0,2.0,31.31,3.74,25.09,Lower middle income,2286.0,322250.94024766097,Africa,0.0,1.0298734683987063,28.0,0.0,25127980.0,0.36070642253627144,0.0008946210906922,3.0,1.0,36.017690966397865,0.0315177015881955,85.0,10.0,0.1405997486083677,165.0,22639346.409746926,7.734558844354756,12.683085838555629,17.03949252427544,77.9764365642759,8.594154232552366
CMR,11123.0,0.59,2.5,7.76,22.4,5.46,47.41,Lower middle income,1498.0,466832.1234016613,Africa,0.0,2.267113988635078,46.0,0.0,26387106.0,0.15047160175005084,0.0004086163796794,3.0,1.0,55.95453252842433,0.0634295460641845,185.0,13.0,0.1356866317467547,401.0,42831486.970061,7.311886164077165,13.053724993225744,17.088386039715065,56.52375806473068,9.316770315592029
COD,7406.0,1.65,6.07,47.09,25.68,7.75,50.48,Low income,545.0,2343190.892749755,Africa,0.0,1.5615478132968394,49.0,0.0,103380784.0,0.08606583612723148,0.0005381140765512,4.0,1.0,104.0881336545742,0.0764872222859312,289.0,10.0,0.1333090909090909,1006.0,70861417.78815249,6.300785794663244,14.667024187815931,18.4539296613753,44.11965935847495,8.910045761473558
COG,1755.0,2.68,4.22,38.87,33.22,9.31,43.23,Lower middle income,2011.0,341752.84399627335,Africa,0.0,1.3992662091303978,18.0,0.0,3783349.0,0.06285794772841702,0.0029515888966439,3.0,1.0,27.766832886250302,-0.0471035485612485,68.0,9.0,0.1424050632911392,92.0,10309172.47918418,7.606387389772652,12.741843076413378,15.146120154184166,11.070424332858677,7.470224135899966
DJI,579.0,4.32,11.41,46.26,28.67,7.51,44.9,Lower middle income,3409.0,21884.985099179587,Africa,0.0,4.099589834016943,38.0,0.0,1049385.0,0.007419059714172971,0.0089600742804085,3.0,1.0,15.712395543175488,-0.0329932289921101,51.0,9.0,0.1402337228714524,43.0,1230344.3081863287,8.134174272137903,9.993556068755657,13.863714836250372,47.94999837762461,6.361302477572996
DZA,70604.0,0.14,2.63,11.39,10.01,2.66,25.07,Lower middle income,3948.0,2316742.429160013,Africa,0.0,1.1817712968966132,42.0,0.0,41793096.0,0.12749097172603144,7.496004014819151e-05,4.0,1.0,89.15900348663668,0.057320569872867,220.0,13.0,0.1596915778590205,2013.0,101571611.76973815,8.280964400553373,14.655672631572664,17.54824171638922,18.03959537062263,11.16484207910017
EGY,81272.0,0.03,2.0,2.0,15.39,2.11,23.33,Lower middle income,3020.0,986809.855587611,Africa,0.0,1.0443792671997982,35.0,0.0,91773312.0,0.4227245173990065,5.8367630791980646e-05,3.0,1.0,88.48812578878838,0.106919195287139,270.0,28.0,0.0755501777206382,1290.0,64235416.029699385,8.013012110368916,13.80223265100904,18.334832094369524,92.99999536927221,11.30555683277138
ERI,1031.0,4.85,5.51,27.85,28.42,14.96,43.76,Low income,643.0,120452.01020922039,Africa,0.0,4.715284831846259,50.0,0.0,4063981.5,0.006601796303761057,0.0047697695613755,3.0,1.0,19.93917271562273,-0.0002249884805897,50.0,8.0,0.1577503429355281,64.0,4805115.780501455,6.466144724237619,11.699006697062911,15.21767371606474,33.73942446407515,6.93828448401696
ETH,12283.0,0.42,2.04,3.96,22.78,3.9,25.54,Low income,858.0,1131885.4987498578,Africa,0.0,4.294678109470218,57.0,1.0,98459240.0,0.043679040248918326,0.0003875650894316,3.0,1.0,52.11587167547295,0.0980582178462882,124.0,12.0,0.114058764556181,508.0,56877993.28589292,6.754604099487962,13.939395383115048,18.40515321339393,86.98692589378169,9.415971471539095
GAB,1648.0,2.97,5.11,26.22,18.51,9.46,35.43,Upper middle income,7667.0,265121.8037104107,Africa,0.0,1.8639366088856142,21.0,0.0,2763349.0,0.030598742726771825,0.0030327399738315,3.0,1.0,32.39763306422673,-0.0083360832768891,93.0,8.0,0.1738721804511278,102.0,5507734.251292208,8.944680683558895,12.487944636010853,14.831953907908598,10.422941309717295,7.4073177104694174
GHA,9829.0,0.22,2.09,3.96,32.26,2.97,18.51,Lower middle income,2202.0,238433.84971315772,Africa,0.0,1.1333695625148734,24.0,0.0,30976994.0,0.8416513253385031,0.0004914586005255,3.0,1.0,48.73995994929911,0.0404517362953549,119.0,10.0,0.1466933867735471,214.0,28006495.052224424,7.697121317282625,12.38184719114596,17.248755357903093,129.9186086089125,9.19309247856663
GIN,2802.0,2.21,2.22,3.96,36.4,5.43,29.84,Low income,1064.0,245145.7681120317,Africa,0.0,2.4769053712833022,36.0,0.0,11667386.0,0.19915465591118137,0.0015321287731815,3.0,1.0,42.91681448446765,0.0666551592057752,105.0,9.0,0.1235911387485425,240.0,20030502.33393973,6.96979066990159,12.40960828448711,16.272307986027712,47.5936667797912,7.938088726896952
GMB,584.0,9.08,17.16,47.26,43.32,5.4,45.66,Low income,751.0,10664.597628932963,Africa,0.0,0.41445519825163907,2.0,0.0,2218524.75,1.1555698998035775,0.0077385842631118,3.0,1.0,21.13228473749768,0.064359975796249,65.0,7.0,0.1568627450980392,56.0,1725420.700473506,6.621405651764134,9.274684902011161,14.612353005925485,208.02704679463585,6.369900982828227
KEN,9162.0,0.38,2.22,7.76,27.21,4.42,30.44,Lower middle income,1817.0,586416.0264853059,Africa,0.0,1.8801278154605978,45.0,0.0,51546248.0,0.04809588516694715,0.0005138701760451,3.0,1.0,41.62337993761542,0.091596242506339,102.0,11.0,0.1350354922137236,229.0,41517755.18448516,7.504942068396171,13.281784759476656,17.75798998207324,87.90047623517947,9.122819774446688
LBR,847.0,6.49,6.24,25.76,45.69,7.8,35.66,Low income,622.0,95870.64430011444,Africa,0.0,1.1816008076657398,27.0,0.0,4289797.5,0.23234026101447716,0.0046665895329553,3.0,1.0,24.65838030225396,0.1303297707134368,63.0,6.0,0.1115853658536585,113.0,6599240.257795972,6.432940092739179,11.470755106608744,15.27175008699291,44.745683429133685,6.741700694652055
LBY,20581.0,0.35,3.42,13.15,13.99,4.47,40.73,Upper middle income,7684.0,1625749.7751877655,Africa,0.0,0.566881907937883,32.0,0.0,6703156.5,0.09004907160574545,0.0002531873701562,4.0,1.0,76.72326335035622,0.0403739879213053,189.0,18.0,0.1586529017613549,262.0,29487988.298631515,8.946895523888447,14.30147966744922,15.718089092822277,4.123116977965333,9.93212359907246
MAR,37239.0,0.04,2.0,2.0,19.91,1.78,31.21,Lower middle income,3204.0,414347.98346211395,Africa,0.0,4.116117505898024,54.0,0.0,34689516.0,0.2910016855916139,0.0001420782965529,3.0,1.0,66.73148040937961,0.0318942966998027,190.0,16.0,0.1396747152742981,385.0,61718508.029950485,8.07215530818825,12.934461439515289,17.361948066701007,83.72073084596501,10.525111878184058
MDG,2670.0,7.23,8.0,40.73,22.7,12.31,50.32,Low income,522.0,591927.306833835,Africa,0.0,3.298476300050421,38.0,0.0,25889030.0,0.027081451059010834,0.0015036577742485,3.0,1.0,45.94687244814634,0.1173014852751112,139.0,10.0,0.1379518072289156,440.0,17787454.759250008,6.257667587882639,13.291139113816111,17.06932988482268,43.736840150994304,7.8898337513942955
MLI,4410.0,2.09,3.65,41.6,34.56,5.42,41.6,Low income,891.0,1255300.2490856636,Africa,0.0,0.41993928761352617,27.0,1.0,21208110.0,0.03270677887122912,0.0009453406602593,3.0,1.0,43.92229171154891,0.0569096055221812,141.0,8.0,0.1259396322423962,484.0,28702246.42084074,6.792344427470809,14.04288534423348,16.86989421365954,16.894850467406165,8.391629968440892
MOZ,5654.0,1.41,6.69,50.42,27.18,4.78,50.42,Low income,492.0,789645.4806173026,Africa,0.0,1.403615163007615,39.0,0.0,28783822.0,0.108072228801069,0.000775126845793,3.0,1.0,68.91387852690255,0.0992845213565095,169.0,8.0,0.1477685050798258,457.0,36842824.52448233,6.198478716492308,13.579339365008604,17.175324051162224,36.4515756836832,8.640118538253535
MRT,612.0,10.62,9.89,44.43,34.64,9.05,42.72,Lower middle income,1678.0,1043027.4259067727,Africa,0.0,0.29525639415695126,18.0,0.0,4159369.25,0.010297213593186295,0.0079858030168589,3.0,1.0,18.71155853645806,0.0245323035041626,57.0,8.0,0.1494252873563218,103.0,6154096.318988846,7.425357887027151,13.857638028849825,15.240873998145425,3.987785121166862,6.416732282512326
MUS,2372.0,0.34,2.0,2.0,47.18,3.22,29.7,High income,11204.0,2027.257006558549,Africa,1.0,3.679182311222361,18.0,0.0,1245733.125,6.278627707741477,0.0023021750313006,3.0,1.0,23.197825939262177,-0.0032786880349947,61.0,10.0,0.1291085362969969,72.0,1529308.966032355,9.324026136379999,7.614438930007397,14.03523476999531,614.4919568509688,7.771488760117616
MWI,2623.0,0.99,2.23,3.96,43.39,7.33,41.62,Low income,412.0,118008.14785668516,Africa,0.0,2.5406541627577255,50.0,1.0,17354890.0,0.13555948177382462,0.0017022629778894,3.0,1.0,33.90596927749547,0.0028468613245882,93.0,8.0,0.1194088669950738,140.0,15026830.394012678,6.021023349349527,11.67850895069691,16.669384869026878,147.06518418606674,7.872073979866873
NAM,5101.0,0.63,3.02,9.6,36.91,4.42,24.24,Upper middle income,4957.0,825392.9471850357,Africa,0.0,1.3175338402559107,44.0,0.0,2352082.5,0.011104660598829415,0.0009590705683033,4.0,1.0,35.387246410818,0.0634797509908499,100.0,8.0,0.170556035724575,126.0,43534041.67258535,8.508555998020574,13.623614851540385,14.6708116639161,2.849651802843322,8.537191877922927
NER,2665.0,2.78,3.11,14.87,29.76,9.72,48.06,Low income,555.0,1187317.7717569158,Africa,0.0,0.49928506998734146,32.0,1.0,22007372.0,0.03091667041573899,0.0018026976203038,3.0,1.0,30.897852997280733,0.0424741459589279,83.0,17.0,0.1265758951084215,203.0,15546877.141472328,6.318968113746434,13.987207347752857,16.906888046101262,18.535368141112652,7.887959336599945
NGA,47128.0,0.05,2.16,3.96,18.26,2.88,16.2,Lower middle income,2230.0,910162.1567094316,Africa,0.0,1.1898477392784428,36.0,0.0,203078400.0,0.8026232651497882,0.000107205155012,3.0,1.0,96.02246524195638,0.0327136258215993,231.0,14.0,0.1310632538031071,695.0,116738959.51867156,7.709756864454165,13.721378056804523,19.129102669343926,223.12331764506948,10.760622583201524
RWA,1918.0,1.46,2.28,5.88,52.97,3.79,21.23,Low income,802.0,25325.76990823662,Africa,0.0,5.051366157175707,36.0,1.0,12631325.0,0.6396669237130578,0.0023578585039031,3.0,1.0,22.218350236646383,0.0226547489766926,57.0,8.0,0.1299117882919005,76.0,7489067.1101304125,6.687108607866515,10.13957772976975,16.351690397771065,498.75384028866006,7.559038255443384
SEN,4596.0,0.74,3.48,42.42,25.33,4.72,42.42,Lower middle income,1447.0,196861.68667965173,Africa,0.0,0.2914002079746052,15.0,0.0,15360302.0,0.3139327575773521,0.0011116889399528,3.0,1.0,38.883117856926894,-0.0148633692089811,119.0,14.0,0.1361486486486486,145.0,14602324.28369282,7.277247726631484,12.190256663061014,16.54729694694885,78.02585794662751,8.432941638968646
SLE,1547.0,3.68,3.18,18.18,37.1,6.74,33.52,Low income,504.0,72722.48184300913,Africa,0.0,1.653988230495834,29.0,0.0,6493897.0,0.3233587677165518,0.0028036790358388,3.0,1.0,32.60191563590232,0.0031794844552527,94.0,8.0,0.147226173541963,160.0,7210269.49249037,6.222576268071369,11.194405857023238,15.686373370724565,89.2969661571618,7.344072850573066
SOM,1635.0,3.61,6.92,50.0,31.19,6.95,50.42,Low income,127.0,634535.0177624599,Africa,0.0,1.066540909657254,46.0,0.0,10468771.0,0.09071763215107465,0.0028060961795901,3.0,1.0,30.95164246730512,0.1081866868516977,90.0,8.0,0.1163559831629585,135.0,15434185.14779989,4.844187086458591,13.360647754152637,16.16390719295775,16.498334539385525,7.399398083331354
TCD,2396.0,2.67,3.58,13.15,34.97,5.37,29.07,Low income,710.0,1273034.4512079356,Africa,0.0,0.7446320703533419,40.0,1.0,15367420.0,0.014142207324378242,0.0020781996337997,3.0,1.0,31.821408405259337,0.0806003065790772,87.0,11.0,0.1407466560191655,156.0,22023222.934504755,6.565264970035361,14.056913940180367,16.547760241958308,12.07148792039243,7.78155595923534
TUN,23465.0,0.05,2.16,3.96,24.04,1.92,26.67,Lower middle income,3318.0,154772.95770839264,Africa,0.0,1.5889474263896028,28.0,0.0,11352769.0,0.7182189380481665,0.0002429487628876,4.0,1.0,69.55894711959522,-0.0073090482355461,204.0,14.0,0.1684558773884275,187.0,25670025.382658195,8.10711747075039,11.949714533071123,16.24497223689483,73.35111487233917,10.063265228228518
TZA,9618.0,0.62,2.0,2.0,28.62,3.85,26.89,Lower middle income,1122.0,942656.2976329927,Africa,0.0,2.2672549623338476,49.0,0.0,53098192.0,0.08962741283643492,0.0004195125959769,3.0,1.0,56.39929577888677,0.0179850934832099,157.0,8.0,0.1164379725567068,1051.0,64270157.585441865,7.022868086082641,13.756457017587879,17.78765343666827,56.32826315734527,9.171391621837609
UGA,8966.0,0.59,2.57,24.32,32.38,3.99,28.57,Low income,777.0,241398.0688874624,Africa,0.0,1.8046280769530116,49.0,1.0,39534148.0,0.17893175436522188,0.0005093388927735,3.0,1.0,54.65350327278358,0.0484710700921718,139.0,14.0,0.1282440175261206,351.0,37099468.90870168,6.655440350367647,12.394202587975885,17.492675362730097,163.7716000886091,9.101194924715385
ZAF,79195.0,0.03,2.0,2.0,11.42,2.63,23.43,Upper middle income,6001.0,1224071.2074484194,Africa,0.0,2.5496907229159884,45.0,0.0,57911840.0,0.5371486155247631,6.427180102595032e-05,4.0,1.0,93.84334056934776,0.0464189979367591,246.0,10.0,0.1580551179665594,1044.0,159782758.7588219,8.699681400989514,14.0176929163822,17.874432412138756,47.310842414729635,11.27966844449652
ZMB,3386.0,1.24,2.19,3.96,32.84,6.97,36.0,Lower middle income,1291.0,752131.950475292,Africa,0.0,1.182520396341396,36.0,1.0,17309528.0,0.07244797554528527,0.0012829387709325,3.0,1.0,39.40525898805458,0.0263376807951153,101.0,10.0,0.1113506853534575,275.0,28974587.97078985,7.1631723908466425,13.530667053597178,16.66676765930518,23.013951194416954,8.12740456269308
ZWE,5763.0,0.16,2.0,2.0,33.19,4.0,23.15,Lower middle income,1464.0,391579.4742284415,Africa,0.0,1.7196023044967508,32.0,1.0,14021227.0,0.12003756525850358,0.00085691624941,3.0,1.0,33.852852179493546,0.0430732104571553,77.0,8.0,0.1527953453073615,111.0,34693846.08019389,7.288927694521257,12.877943773117787,16.456082953572924,35.80684873135161,8.659213451436667
LSO,1002.0,6.29,2.4,5.88,45.41,8.14,30.81,Lower middle income,1158.0,30533.964585500053,Africa,0.0,8.350401483904035,34.0,1.0,1866769.375,0.1729059578484571,0.0040148895504686,3.0,1.0,22.120394597128676,0.010501363199972,54.0,10.0,0.1343537414965986,130.0,5074005.167434157,7.05444965813294,10.326594935978004,14.439719887845024,61.13747102092632,6.90975328164481
SWZ,1377.0,1.02,2.56,3.96,61.95,4.09,29.72,Lower middle income,3837.0,17379.416772328146,Africa,0.0,4.290177389462537,26.0,1.0,1084906.625,0.28281352776618035,0.0034807446821956,3.0,1.0,17.909760998976253,0.0015779275667816,47.0,10.0,0.1372620790629575,44.0,4432346.872418046,8.252446090246952,9.763041840852877,13.897004481345496,62.42480051041816,7.227662498728654
SDN,9366.0,1.44,4.39,34.67,21.08,4.84,34.67,Low income,442.0,1883877.0824138862,Africa,0.0,0.6340891921268619,39.0,0.0,40386084.0,0.041168616704212714,0.0005013562204999,3.0,1.0,59.15701935108682,0.081152721490912,161.0,9.0,0.1075572746206486,604.0,29706951.471454933,6.091309882077698,14.448842489109934,17.51399582814743,21.437748978957647,9.144841389743487
SSD,1118.0,5.99,5.94,47.09,43.65,8.2,47.09,Low income,1120.0,630300.4540473461,Africa,0.0,0.5956344407614153,42.0,1.0,14423923.0,0.015288615749216049,0.0036239282993792,3.0,1.0,29.394204307871835,0.0473719021796502,85.0,8.0,0.1420612813370473,173.0,14367140.792226247,7.02108396428914,13.353951895867983,16.484398705526026,22.884202141026098,7.0192966537150445
GNQ,1260.0,1.51,2.81,9.6,50.87,4.86,26.91,Upper middle income,8132.0,26956.395652074825,Africa,0.0,3.0281389420012745,41.0,0.0,1250401.375,0.12127360994634452,0.0040429320883669,3.0,1.0,20.53706502382442,0.0052110795741384,50.0,8.0,0.1161290322580645,42.0,3810776.832885626,9.003562174748238,10.201975863658154,14.038975157736912,46.38607442697025,7.138866999945524
TJK,4153.0,3.35,7.86,48.48,33.9,6.5,48.48,Low income,871.0,142215.52338332517,Asia,0.0,15.991164005146446,66.0,1.0,8984482.0,0.7575029272916511,0.0010038369631478,3.0,1.0,56.937839456666296,0.082209804629404,172.0,12.0,0.1262303149606299,454.0,11507043.146871092,6.769641976852503,11.865098956239288,16.01100942489625,63.1751146869065,8.331586243630754
AFG,36088.0,0.48,2.13,11.39,18.16,3.97,29.05,Low income,502.0,645838.7991077955,Asia,0.0,7.4900626266449315,66.0,1.0,29056024.0,0.08464645608764206,0.0001007568405583,3.0,1.0,109.05715805626296,0.0948353423698276,326.0,11.0,0.0892319943372854,5835.0,98322315.44182897,6.218600119691729,13.378305214640369,17.184736386374006,44.989591892187214,10.493715679088233
ARE,47076.0,0.08,2.16,5.88,12.33,2.03,44.51,High income,43103.0,71294.33504006521,Asia,0.0,0.6849848789209951,40.0,0.0,8123026.0,0.9992602747729701,0.000117538447982,4.0,1.0,77.2155602179273,0.112614934872928,256.0,18.0,0.1516855625069039,763.0,21520917.51726825,10.67134787923793,11.17457215079237,15.910213302815855,113.93648591343351,10.759518595997553
ARM,6982.0,0.96,3.53,18.18,35.48,3.73,27.15,Upper middle income,4623.0,29669.474273066295,Asia,0.0,8.88770891749277,45.0,1.0,2809797.0,1.3902067328927028,0.0006287921606854,4.0,1.0,42.95438933312008,0.1043933520498562,120.0,8.0,0.0965556182947487,481.0,9772087.228996484,8.438799123988225,10.2978739939862,14.848622796707467,94.70329585687033,8.851090687664982
AZE,12986.0,0.79,2.29,3.96,27.61,3.45,22.73,Upper middle income,4794.0,86288.10797858908,Asia,0.0,5.461298073267537,49.0,1.0,9943796.0,1.2734899665029396,0.0003136680881488,3.0,1.0,87.90763008614641,0.1136760149883221,250.0,16.0,0.1113095238095238,1496.0,19937885.659376733,8.475120414994329,11.365447068950566,16.112459397078904,115.2394719613899,9.471627133068433
BGD,14509.0,0.94,3.72,48.87,20.48,3.97,48.87,Lower middle income,1856.0,139583.5884409724,Asia,0.0,0.3689499001378379,23.0,0.0,159659136.0,5.778512927573471,0.0002638799268309,3.0,1.0,89.61202115746295,0.0567855268689347,247.0,13.0,0.0970446447285684,2139.0,30846485.560849648,7.526178913346146,11.84641890108845,18.888551700667847,1143.8245554742791,9.582524425515684
BHR,5536.0,0.07,2.0,2.0,35.31,2.08,20.71,High income,23504.0,714.5887280107007,Asia,0.0,0.42538975501113585,2.0,0.0,1964631.375,25.26185933871904,0.0009904291907535,3.0,1.0,30.231478652100297,0.0745645851998475,77.0,10.0,0.1869267002727047,51.0,1422004.6219869724,10.064925898413659,6.571707171620374,14.49081519026743,2749.3176116410564,8.619027497297505
BRN,3044.0,1.02,4.94,16.7,47.6,4.11,38.38,High income,31087.0,5782.184621593482,Asia,0.0,1.8264536173990236,23.0,0.0,434641.25,0.5416585475275522,0.0016506159986118,4.0,1.0,33.972954624327606,-0.0085743668205062,97.0,12.0,0.1571155682903534,83.0,1519438.0546593172,10.344545004347415,8.662536852470105,12.982276257164578,75.16903704126617,8.020927718981577
BTN,381.0,16.01,8.96,42.91,34.91,13.98,45.53,Lower middle income,3243.0,38800.1403225656,Asia,0.0,20.63085047903251,73.0,1.0,825503.0,0.0869489152726836,0.0103375298458866,3.0,1.0,20.502333405687,0.1164549304295215,54.0,8.0,0.125,74.0,2782745.684573829,8.084254106307318,10.566179142165794,13.62374817649683,21.275773570331634,5.942799375126701
CHN,37183.0,0.31,2.0,2.0,99.58,1.09,17.35,Upper middle income,10262.0,9729809.591741009,Asia,0.0,5.359986256412756,77.0,0.0,1418311296.0,1.5819332989521022,3.0197365311366808e-06,4.0,1.0,241.0946519979481,0.2102173126279852,665.0,32.0,0.0699132627268033,76974.0,2126257217.2217789,9.23620303150191,16.090704884776567,21.07273277269762,145.76968671657363,10.523606946562516
CYP,5574.0,0.22,2.0,2.0,35.5,2.87,20.12,High income,27858.0,5715.258276602571,Asia,0.0,5.725572755417956,25.0,0.0,899586.0,4.153940886699507,0.0008798709396339,3.0,1.0,37.72165375957771,0.0804058481358394,94.0,14.0,0.1542139868499701,74.0,4209635.741669007,10.234875457247977,8.650894767964104,13.70968993647399,157.40076064152223,8.625868208041894
GEO,9188.0,0.85,2.56,13.15,28.99,4.88,40.61,Upper middle income,4769.0,69840.23322021282,Asia,0.0,11.702732060866628,64.0,0.0,3779092.75,0.8426427911320608,0.0004793571730573,4.0,1.0,58.809335580072265,0.0659249996676411,181.0,8.0,0.1323796423658872,657.0,14206976.569861116,8.469891918298224,11.153965529858034,15.144994525560472,54.11054023952305,9.125653563808989
IDN,64259.0,0.01,2.0,2.0,14.13,1.69,44.61,Upper middle income,4136.0,1993886.6901591395,Asia,0.0,4.525208573316455,61.0,0.0,271111072.0,0.7385417674022784,7.617621459076386e-05,4.0,1.0,98.90667532207578,0.0726191072974799,273.0,15.0,0.1084679356865644,480.0,68274248.5052161,8.327484416188264,14.505596402492676,19.418039154653,135.97115289352857,11.070677070768497
IND,50040.0,0.0,0.0,0.0,13.25,1.34,19.78,Lower middle income,2104.0,3179624.3288021465,Asia,0.0,3.262072084981776,79.0,0.0,1360604928.0,0.9906794888409133,8.889191006858848e-06,4.0,1.0,290.66533483262646,0.1339263108223097,897.0,15.0,0.0937621043503396,33751.0,986385126.9021575,7.651595573857601,14.972273612180992,21.031195237800176,427.9137367503343,10.820577964580847
IRN,338917.0,0.02,2.0,2.0,6.9,2.74,21.29,Upper middle income,5520.0,1629854.2768988635,Asia,0.0,4.899660116844296,64.0,0.0,78817648.0,0.3422076577439136,1.4306065498293883e-05,4.0,1.0,221.71059586920592,0.07090433942219,621.0,20.0,0.1210222318342675,14523.0,241120043.0901416,8.616133139271142,14.304001168110922,18.18264748914381,48.35870857728886,12.733510518626819
IRQ,48558.0,0.18,2.14,5.88,14.69,2.95,18.73,Upper middle income,5955.0,445313.57092078764,Asia,0.0,1.0920450122027843,45.0,0.0,41763940.0,0.48013436234934614,9.75676455094455e-05,3.0,1.0,84.20891649088212,0.0752049824487079,198.0,15.0,0.1082748759680251,1982.0,53202177.19047757,8.691986481789401,13.006533966751066,17.547543845747107,93.78546428226632,10.790514238723757
ISR,41383.0,0.22,2.34,5.88,15.12,1.73,42.34,High income,43641.0,22161.37589491028,Asia,0.0,3.089565591967925,28.0,0.0,7641991.0,4.726679291440698,0.0001358543895955,3.0,1.0,63.1208754016569,0.1247073214985556,199.0,10.0,0.2017770540550107,1520.0,14055496.342299895,10.683752354441571,10.00610622805427,15.849168729286117,344.8337791046226,10.630625447463311
JOR,20281.0,0.11,3.31,9.6,17.74,3.54,29.92,Upper middle income,4330.0,89161.00784320706,Asia,0.0,1.8084999588578952,39.0,0.0,6847301.5,0.768494925150845,0.0002534968940974,3.0,1.0,59.04980005918386,0.0043016501537796,156.0,16.0,0.151552334869076,166.0,11127601.583196351,8.373322820996535,11.398199091195531,15.739365191017189,76.79704015954187,9.917439766154132
JPN,443372.0,0.01,2.0,2.0,3.81,1.66,34.73,High income,40247.0,373838.42857479496,Asia,0.0,6.48566114578509,48.0,0.0,127094792.0,7.346197022600387,1.0917552800252413e-05,4.0,1.0,184.428138890792,0.1349528818825201,606.0,22.0,0.0792777236797738,28314.0,301486564.45207953,10.60279074590741,12.831578973895526,18.660443759710404,339.97251830030035,13.002164425771667
KAZ,24077.0,0.59,2.35,9.6,18.95,4.97,28.18,Upper middle income,9731.0,2763600.482064806,Asia,0.0,1.0170352833811238,62.0,1.0,17661046.0,0.12178576296036571,0.0001863156599422,4.0,1.0,80.86762527338924,0.1030768329177245,215.0,12.0,0.1119260962651653,1912.0,88651768.18649027,9.18307194482199,14.832044910030401,16.686871981284142,6.390593037820238,10.089012306943829
KGZ,4379.0,3.4,7.49,42.42,26.28,6.08,44.0,Lower middle income,1309.0,198704.00849180185,Asia,0.0,12.901951244826737,68.0,1.0,5579028.0,0.4499389273929687,0.0009430126616516,4.0,1.0,60.76584493848345,0.1201985613308987,155.0,8.0,0.1091947586515847,559.0,11884914.02454317,7.1770187659099,12.19957160192375,15.534525125635648,28.077078275097705,8.384575666801398
KHM,4348.0,0.92,2.19,5.88,36.55,3.51,29.37,Lower middle income,1643.0,181306.96019599534,Asia,0.0,1.4004941816324559,36.0,0.0,17895624.0,0.17943286570984815,0.00115113978194,3.0,1.0,34.83112265780914,0.0364019072600681,83.0,8.0,0.1331484049930651,206.0,13083907.672596464,7.404279118037268,12.10794678649692,16.700066771649755,98.70345838160091,8.3774712482411
KOR,149901.0,0.01,2.0,2.0,10.51,0.74,11.23,High income,31762.0,100192.89220629499,Asia,0.0,5.5461875608738,33.0,0.0,50627624.0,4.508174015740266,3.421473909141125e-05,4.0,1.0,80.51841481830346,0.1166209740912169,221.0,12.0,0.1374822070496272,2861.0,93471459.28045408,10.366025885670592,11.5148525290519,17.740007914146506,505.30155268658,11.917730355182513
KWT,16845.0,0.04,2.0,2.0,13.47,2.73,36.55,High income,32032.0,17403.149611900848,Asia,0.0,0.25862068965517243,5.0,0.0,3312404.75,2.3724983495056193,0.0003110939998638,3.0,1.0,38.63980744417192,0.127380012564009,111.0,18.0,0.1222444889779559,104.0,5725209.522677275,10.374490682114947,9.764406481000103,15.013184994146208,190.3336363743531,9.731809155840653
LAO,2497.0,5.09,3.09,34.67,30.36,7.58,49.78,Lower middle income,2535.0,230144.84012422612,Asia,0.0,6.950970122142628,43.0,1.0,7264510.0,0.0719985984601253,0.0015967555870458,4.0,1.0,37.45793249247344,0.0555761191045252,102.0,8.0,0.1157007376185458,360.0,16286453.32846797,7.837948916025283,12.34646412937306,15.798511406049814,31.56494838675857,7.822845290279774
LBN,15411.0,0.1,2.0,2.0,26.42,3.51,28.3,Upper middle income,7784.0,10248.110196653135,Asia,0.0,8.377296542088718,36.0,0.0,8887328.0,5.9059641010342085,0.000324728187378,3.0,1.0,56.721989096372965,0.0429276131031583,130.0,12.0,0.1446826051112943,85.0,8496781.765530143,8.959825623865841,9.23484859650989,16.00013699988245,867.216279827129,9.642836819135377
LKA,14946.0,0.14,2.0,2.0,29.24,2.26,15.64,Lower middle income,3853.0,65791.73003685691,Asia,0.0,2.3832948252939734,38.0,0.0,20908766.0,1.3138376968105652,0.000312871405268,4.0,1.0,53.72496805293233,0.059490862520246,147.0,10.0,0.1042471042471042,536.0,26161178.2805748,8.256607344626158,11.094249426084154,16.855679054837932,317.8023436727806,9.612198984490236
MMR,12982.0,1.02,2.75,21.33,21.81,4.09,27.35,Lower middle income,1408.0,670399.2653119655,Asia,0.0,6.197055181939849,58.0,0.0,48773244.0,0.20594279821487232,0.0003377692058557,4.0,1.0,57.88108286382494,0.0931409266989222,152.0,8.0,0.1251644427739146,1152.0,44444769.25399495,7.249925536717988,13.41562873225437,17.702692441775127,72.75253199644203,9.471319061593414
MNG,3723.0,2.1,3.75,18.18,31.88,7.14,37.03,Lower middle income,4295.0,1577068.0710569827,Asia,0.0,3.5456294336900323,43.0,1.0,3036005.25,0.006191010084683949,0.0011313031865191,4.0,1.0,39.62431010409023,0.062580164394757,103.0,8.0,0.138004246284501,419.0,38168567.96199726,8.365206834418355,14.271078029919737,14.926053146745174,1.925094614315036,8.222285073872717
MYS,87050.0,0.03,2.07,3.96,12.75,1.68,23.13,Upper middle income,11415.0,333490.13622096094,Asia,0.0,4.575280392354985,64.0,0.0,32812192.0,1.165250700951,5.8247433190522e-05,4.0,1.0,95.06917802070734,0.0494333459798299,264.0,12.0,0.1810126987173335,935.0,41606973.42095139,9.342683558963897,12.717368567351578,17.306310711605395,98.39029235413304,11.374237945196334
NPL,5672.0,1.78,2.19,7.76,26.3,7.58,46.14,Lower middle income,1071.0,148027.76471841772,Asia,0.0,16.766363120407817,87.0,1.0,35889628.0,0.18772686626330826,0.000633545095856,3.0,1.0,53.53983615844704,0.0233822137734716,149.0,9.0,0.0879673562345796,986.0,21275508.244268924,6.976348070447749,11.905155134600445,17.395958898065892,242.45200262444135,8.643297068211963
OMN,18037.0,0.3,2.11,3.96,15.93,3.86,33.17,High income,15474.0,309398.7927372033,Asia,0.0,1.4655093366074272,61.0,0.0,3503419.25,0.09964223306472504,0.0002796097666449,3.0,1.0,72.77346648258339,0.0170738003798046,187.0,10.0,0.1549883730703499,601.0,20157254.633192897,9.6469164751094,12.642386315165213,15.069249978146916,11.323312605733822,9.8001804826702
PAK,63320.0,0.12,2.0,2.0,15.71,2.0,30.08,Lower middle income,1285.0,876004.8918962333,Asia,0.0,5.725734063464365,83.0,0.0,220109312.0,0.8125745729335415,7.627267272350868e-05,3.0,1.0,98.46259420936858,0.0973907053867323,269.0,18.0,0.0962896891050079,2975.0,110434319.94477332,7.158513997329321,13.683126954259366,19.20963485364353,251.2649347465892,11.055956513994948
PHL,30789.0,0.27,4.91,32.32,16.98,4.42,46.91,Lower middle income,3485.0,295980.41734908544,Asia,0.0,5.749999290729839,48.0,0.0,101228552.0,0.7405742329202697,0.000149421162247,4.0,1.0,103.35048376611796,0.1505274869364032,377.0,10.0,0.11721946683199,1610.0,35761128.50080223,8.156223323194624,12.598048573513246,18.43289140941257,342.01097797834694,10.334912762313824
PRK,11657.0,0.81,2.04,3.96,27.0,3.45,22.89,Low income,647.0,122778.10597472028,Asia,0.0,7.336636105302665,37.0,0.0,23351246.0,0.4203879516344867,0.0002951600437415,4.0,1.0,58.45429640297213,-0.025508675667705,163.0,8.0,0.0982208363903154,2216.0,29432143.805995584,6.472346294500901,11.718133988691468,16.966160902539855,190.19063549333433,9.363662136919832
PSE,6569.0,0.85,2.31,5.88,31.63,4.31,32.83,Lower middle income,3199.0,6221.762379126672,Asia,0.0,4.560103201594933,27.0,0.0,5427295.0,7.053441354463836,0.0007553583122473,3.0,1.0,46.83728990914197,0.0288410731688935,127.0,10.0,0.1695515658964656,625.0,4170843.7091362905,8.070593539949519,8.735808486295438,15.506951409408636,872.3083057957946,8.790116892892472
QAT,13621.0,0.15,2.0,2.0,22.94,1.65,16.12,High income,64782.0,11615.77561382822,Asia,0.0,0.15613258185721954,3.0,0.0,5106712.0,3.359586621084452,0.0004057888168463,3.0,1.0,34.96507734550539,0.1759092406913539,92.0,12.0,0.1607627666451196,261.0,5897695.0039504655,11.078783065975195,9.36011941988663,15.446066310853801,439.63590291126303,9.519367998447342
SAU,140804.0,0.04,2.07,3.96,7.97,2.22,19.92,High income,23140.0,1924952.234628658,Asia,0.0,1.1255012775725592,48.0,0.0,34712040.0,0.1437700260571604,3.663100711678624e-05,4.0,1.0,117.02864583077512,0.1301187335146469,280.0,28.0,0.0944085018993202,4268.0,145904879.50579983,10.049318000747668,14.470411712216253,17.36259715879891,18.032676019463043,11.855124131393458
SYR,32978.0,0.12,2.1,3.96,18.15,3.12,33.19,Low income,2033.0,186870.69813134984,Asia,0.0,1.374361558887025,38.0,0.0,25462844.0,0.8847688262764465,0.0001493679845075,3.0,1.0,68.66325225682193,0.1283953357328967,196.0,12.0,0.1160348360655737,1234.0,44288624.77523799,7.617267813628347,12.138172202829212,17.05273084948976,136.259158094986,10.403595951460913
THA,90521.0,0.03,2.19,3.96,21.37,2.52,28.51,Upper middle income,7808.0,514759.57301758643,Asia,0.0,3.044800703813823,48.0,0.0,72569120.0,1.28833729356368,5.130620507806872e-05,4.0,1.0,163.09834535275317,0.116261741078662,510.0,12.0,0.1019245597746549,2750.0,140529100.47392842,8.962904128092928,13.15145522212864,18.10005004495784,140.9767273964242,11.413337146968821
TKM,7115.0,1.42,2.33,7.76,27.18,11.3,41.01,Upper middle income,6967.0,490728.7701680157,Asia,0.0,0.7256323777403035,37.0,1.0,9342614.0,0.13338039890309542,0.0006656764320416,3.0,1.0,89.13504661512657,0.0718014744801712,256.0,14.0,0.1185165805481064,393.0,14839641.841260064,8.848939995030118,13.10364685122949,16.05009664256864,19.03824386901399,8.869960510523953
TUR,302834.0,0.02,2.08,3.96,7.3,2.18,20.65,Upper middle income,9042.0,784272.9174802558,Asia,0.0,6.910960446559228,55.0,0.0,78456816.0,0.7621053900769836,1.5213651365941144e-05,4.0,1.0,187.63628750471156,0.1568716568718571,562.0,15.0,0.1240395961406769,22885.0,344273925.13425857,9.109635667854551,13.572512347787592,18.178058916734376,100.0376453799645,12.62094007957876
TWN,49728.0,0.04,2.0,2.0,16.08,1.46,25.17,High income,33402.0,36418.39735039325,Asia,0.0,11.497155465184191,52.0,0.0,23746042.0,5.624677924255476,0.000112043828063,3.0,1.0,65.983624707107,0.1960200866868229,180.0,16.0,0.0916445392957292,1015.0,33307651.8758104,10.416371057411563,10.502829347656398,16.982926421925253,652.034238946091,10.814323433727319
UZB,22349.0,0.36,3.59,21.33,26.56,5.56,46.38,Lower middle income,1725.0,448459.4536826223,Asia,0.0,1.5204142304314374,54.0,1.0,32623046.0,1.0794855137900037,0.0002171984452171,4.0,1.0,115.35562427497057,0.1046500760307599,325.0,10.0,0.098729682314895,632.0,31660636.65833476,7.45298232946546,13.013573552119185,17.300529529093186,72.7446946030656,10.014536856311423
VNM,73373.0,0.15,2.07,3.96,13.91,6.04,50.4,Lower middle income,2715.0,329430.0080920123,Asia,0.0,5.686011408905312,54.0,0.0,96011464.0,1.7439956796560752,6.25774763856337e-05,4.0,1.0,205.5361163478977,0.11277872503026,538.0,16.0,0.1082030372106463,4916.0,98114938.66280182,7.906547232368036,12.705119191823545,18.379978158969173,291.4472320116729,11.203311299518708
YEM,11484.0,0.73,2.12,3.96,20.84,5.43,23.84,Low income,968.0,453725.5306847719,Asia,0.0,3.3421731927985,53.0,0.0,28586366.0,0.03642818834711947,0.0004125445886015,4.0,1.0,63.07771820596558,0.1006835027077564,156.0,12.0,0.1146078351853353,649.0,20851815.979510363,6.875232087276577,13.025247736241575,17.168440448839466,63.003653236918076,9.348710041240954
CRI,4353.0,0.94,3.84,18.18,35.81,4.78,25.35,Upper middle income,12238.0,51266.72126847441,Central-America,0.0,6.481628878577208,42.0,0.0,4684270.0,0.8651726567643186,0.0010881939580111,3.0,1.0,32.41932165493477,0.0670165784248572,86.0,12.0,0.1539657853810264,170.0,8706849.636639174,9.412301144022486,10.844797112439771,15.359720645078585,91.37057888819021,8.378620541552298
CUB,18653.0,0.35,2.12,3.96,18.02,5.13,48.12,Upper middle income,8822.0,110966.47794205969,Central-America,1.0,1.514141237248807,39.0,0.0,11050595.0,0.8960146990479223,0.0002603479154266,4.0,1.0,102.40406586873443,0.1244391973438554,264.0,9.0,0.1506282299346053,874.0,19791349.727718808,9.085003880664885,11.616983434161146,16.21799483063223,99.58498462724918,9.833762270044563
GTM,9830.0,0.98,2.54,13.15,25.11,3.85,21.52,Upper middle income,4620.0,109303.67493649192,Central-America,0.0,5.90463756084676,49.0,0.0,17385524.0,0.6098149391263089,0.0004597210900674,4.0,1.0,49.82213077685382,0.1571694290165953,125.0,10.0,0.1181908057340583,669.0,17141336.63140106,8.438149984075784,11.601885296074173,16.671148463895957,159.05708577594862,9.193194213141211
HND,5239.0,1.7,2.18,5.88,29.17,5.78,33.68,Lower middle income,2575.0,112265.12107140028,Central-America,0.0,6.744508482350939,51.0,0.0,9158579.0,0.4560018961716144,0.0008105126852429,4.0,1.0,47.1498073117867,0.1053118295059109,121.0,10.0,0.1262582686223756,468.0,12045297.358411668,7.853604813097837,11.628618505408692,16.03020159361189,81.57991469296302,8.56388591940822
NIC,3466.0,1.67,3.39,11.39,26.89,5.99,31.09,Lower middle income,1913.0,128296.41551943078,Central-America,0.0,2.7279213128413433,36.0,0.0,6582732.0,0.2077895662652422,0.0014084444085041,3.0,1.0,33.0738413350395,0.0627794889239423,79.0,8.0,0.1732510288065843,146.0,7340391.08008069,7.556427969440253,11.76209861193933,15.69996041469923,51.30877564543516,8.150756470275551
PAN,5628.0,1.88,3.05,14.87,27.81,11.19,48.81,High income,15731.0,75123.21357855652,Central-America,0.0,5.257622984144193,36.0,0.0,3879140.25,0.532311564320076,0.0008409651015919,3.0,1.0,67.88964559477287,0.0633159999458238,211.0,12.0,0.128047215807031,315.0,7238119.579285795,9.663388566822505,11.226884892234397,15.171124101994314,51.63703820981479,8.63550941823428
SLV,7100.0,0.55,2.1,3.96,29.62,4.75,34.3,Lower middle income,4187.0,20429.165934834775,Central-America,0.0,5.641321169666857,44.0,0.0,6535892.5,1.8991768307106673,0.0006706400673813,3.0,1.0,44.71697912354144,0.0911664964907177,119.0,12.0,0.127242414138046,327.0,8568195.509841733,8.339739766019143,9.924718861468483,15.692819468018296,319.92948321278885,8.867850063029406
HUN,32002.0,0.16,2.0,2.0,21.73,1.68,28.02,High income,16476.0,93045.6660452114,Europe,0.0,0.9136061779946673,17.0,1.0,9480571.0,3.3932640193426034,0.0001430621585543,4.0,1.0,72.13739712149031,-0.0065993937640201,204.0,10.0,0.1877752249664943,1578.0,36389994.68807276,9.709660055555972,11.440845684362474,16.06475510448484,101.89159154810433,10.37355367982882
ALB,5772.0,1.26,2.61,5.88,31.34,5.34,34.1,Upper middle income,5353.0,28717.488344159905,Europe,0.0,11.000881017462218,52.0,0.0,2763244.25,1.329865245374095,0.0007992356582062,3.0,1.0,50.82041083371412,0.0444216503422369,176.0,12.0,0.145521384380884,399.0,8194039.920706451,8.585412430393381,10.265261566140131,14.831916000288018,96.22165479391388,8.660773919893762
AND,473.0,8.88,8.3,31.09,55.81,12.54,44.67,High income,40886.0,451.74200976633006,Europe,0.0,17.59493670886076,38.0,1.0,106999.640625,1.647763534330986,0.0104761904761904,3.0,1.0,23.63145071982281,-0.074576143895158,73.0,10.0,0.1524725274725274,68.0,313069.9070477983,10.618542985144954,6.113111242025003,11.580580754793543,236.86006240674203,6.159095388491933
AUT,48471.0,0.11,2.0,2.0,16.47,2.45,37.86,High income,50277.0,83836.40509991841,Europe,0.0,10.466513342015572,60.0,1.0,8694862.0,2.7666152156490247,9.363417139474383e-05,4.0,1.0,93.21702722812392,0.0258621031550953,306.0,11.0,0.1539781691041657,1954.0,44807016.18842584,10.825302995052983,11.33662262053346,15.978242834454232,103.71224755686073,10.788720959944941
BEL,65778.0,0.05,2.0,2.0,15.37,1.14,21.15,High income,46117.0,30696.378978640474,Europe,0.0,1.0955037157165006,11.0,0.0,11445175.0,14.635577436497242,7.205686549309302e-05,3.0,1.0,74.51655690137802,0.0796866100290765,202.0,10.0,0.1664596553826697,1242.0,34749517.40225929,10.738936924565653,10.331899978040322,16.25307880177178,372.8509805004662,11.094040714902595
BGR,19436.0,0.15,2.07,3.96,24.89,2.26,23.39,Upper middle income,9738.0,111601.50248369339,Europe,0.0,4.597849097186845,43.0,0.0,7000086.5,1.6799186637258312,0.0002562074446137,4.0,1.0,59.022013197056175,0.0523141640628534,154.0,11.0,0.1838088918380889,468.0,25461054.50155256,9.183791036742646,11.622689791954253,15.761433064086095,62.723944966805576,9.874882295525794
BIH,5889.0,0.37,2.0,2.0,39.31,3.07,26.0,Upper middle income,6073.0,51096.97220891755,Europe,0.0,7.2098611799103525,48.0,0.0,3398506.25,0.9313490639835995,0.0008210437028359,4.0,1.0,36.97490609373645,-0.0118788595770316,97.0,10.0,0.1898699645357824,241.0,12463352.479213454,8.711607995897575,10.841480522164638,15.038846554813777,66.51091254692554,8.68084148294457
BLR,44701.0,0.16,2.0,2.0,22.32,1.9,24.12,Upper middle income,6663.0,207031.8692805001,Europe,0.0,0.27837996952486493,4.0,1.0,9209006.0,1.3873789719642686,9.050494118084866e-05,4.0,1.0,98.10494782380322,0.047394641497106,260.0,12.0,0.1327007299270073,4799.0,75187397.0952136,8.804325112562537,12.240628018274021,16.03569247623983,44.48110347457205,10.707751151716078
CHE,33904.0,0.2,2.09,3.96,16.47,1.84,41.43,High income,81994.0,41222.252979549994,Europe,0.0,14.866494241376355,67.0,1.0,8539502.0,4.82241496355581,0.0001410528687195,4.0,1.0,78.50272784657339,0.0047830576496374,214.0,10.0,0.1512509991403622,1305.0,25654903.353493225,11.314401352837574,10.62673351038771,15.960213250247106,207.15757589077856,10.431288280508081
CZE,51017.0,0.08,2.0,2.0,18.85,1.5,21.94,High income,23102.0,78798.379227538,Europe,0.0,2.7602310685508074,25.0,1.0,10728493.0,3.7748917530455497,8.547443509439537e-05,4.0,1.0,89.7702143214873,0.0414733944538055,271.0,10.0,0.1390654969963098,2817.0,61064520.0146145,10.047674472848625,11.27464770745599,16.188413657399334,136.15118870681886,10.839914189496584
DEU,375379.0,0.0,2.0,2.0,8.9,0.81,11.19,High income,46259.0,357821.87607821403,Europe,0.0,1.7338511032890505,53.0,0.0,78757672.0,6.537281767239983,1.29039287032773e-05,4.0,1.0,150.08767946507422,0.0273818220786412,411.0,12.0,0.1804506580231968,5790.0,283493975.2722169,10.742011318604094,12.787790588708193,18.181886253147002,220.10301008758015,12.835691461239513
DNK,51862.0,0.03,2.0,2.0,15.57,1.29,31.01,High income,59822.0,43122.10514698171,Europe,0.0,0.5378973383597372,5.0,0.0,5747170.0,5.31401224181481,9.89508341996826e-05,3.0,1.0,103.311893422438,0.0136252544710498,306.0,14.0,0.1690461009619382,1510.0,37040806.28093728,10.999128765259284,10.67179102505403,15.564218117703154,133.27665661058913,10.85634162371733
ESP,347049.0,0.01,2.0,2.0,5.59,1.57,18.34,High income,29614.0,506548.90449632035,Europe,0.0,4.672532125883875,54.0,0.0,50968644.0,1.6276193703327204,1.4366127980158409e-05,4.0,1.0,194.28149279650916,0.0098282467657648,505.0,24.0,0.18340197656938,11494.0,222259932.2850669,10.296002501468664,13.135376151803186,17.746721178077696,100.61939439130747,12.75722125933439
EST,11792.0,0.23,2.57,7.76,36.89,2.23,18.51,High income,23660.0,45469.00923905507,Europe,0.0,0.20548960691093474,3.0,0.0,1343423.75,0.5620085099069243,0.0004046283137907,3.0,1.0,53.04892018764844,0.0273201070085304,146.0,8.0,0.1566072526121696,358.0,16234115.057896417,10.071541137532378,10.72478625724925,14.110731950682002,29.545920891675863,9.375176614429117
FIN,55417.0,0.06,2.0,2.0,15.66,2.38,17.25,High income,48686.0,336795.6777989304,Europe,0.0,0.9363969147015465,17.0,0.0,5513563.5,0.3126615521224258,8.555570624247791e-05,4.0,1.0,89.64777695314753,0.0718122249678893,236.0,8.0,0.1693062443342398,2256.0,84349633.74818431,10.793146793409365,12.727231728129395,15.52272170529964,16.370648032162812,10.922641684869495
FRA,25054.0,0.0,0.0,0.0,7.97,1.39,14.32,High income,40494.0,549709.76142579,Europe,0.0,3.2807420589980048,63.0,0.0,66699976.0,4.259518231129681,8.497447708983309e-06,4.0,1.0,166.5669825046403,-0.0317023897514712,495.0,16.0,0.1598753383899169,8587.0,462736931.98229647,10.608909093971462,13.217145711424012,18.0157151510657,121.33671380875487,10.128788774404137
GBR,269025.0,0.0,2.0,2.0,7.01,1.17,21.56,High income,42300.0,245398.54909992107,Europe,0.0,3.152897465688315,38.0,0.0,66263548.0,5.462681784008881,1.8401071536738056e-05,3.0,1.0,122.27214756685945,0.0003697880541485,375.0,16.0,0.1698635968029432,3788.0,155551098.45432556,10.65254236503437,12.410638898853211,18.009150500036924,270.0242044748964,12.502559591068593
GIB,269.0,2.23,3.26,7.22,75.09,8.66,44.35,High income,61700.0,7.210305358424977,Europe,0.0,6.888888888888889,12.0,0.0,29273.50390625,35.70857238769531,0.0176683087027914,3.0,1.0,12.50206896551724,-0.0302408235798756,30.0,6.0,0.1939163498098859,10.0,39646.69493601681,11.030039209893479,1.9755113024700726,10.284438082335086,4059.95342098029,5.594711379601839
GRC,81429.0,0.07,2.18,3.96,11.35,2.05,40.12,High income,19583.0,132634.79691096,Europe,0.0,8.206562365964748,55.0,0.0,10527126.0,1.767127751767388,5.8724948759112495e-05,4.0,1.0,129.8605197093708,0.112379960395749,376.0,11.0,0.1623397150361808,3012.0,67971180.74617803,9.882417121916836,11.795354742450742,16.16946591238383,79.36926240454864,11.307486753899465
HRV,20709.0,0.38,2.08,3.96,24.68,1.76,42.89,High income,14853.0,57063.55110818711,Europe,0.0,3.9394222508591064,53.0,0.0,4126226.25,1.99323177507497,0.0002090257329663,4.0,1.0,68.77062654204296,0.0527993859494795,180.0,8.0,0.1598205210838146,1419.0,29085353.23672628,9.605957144029533,10.95192085746449,15.23287380630141,72.3093142622173,9.938323667371586
IRL,31168.0,0.09,2.61,16.55,22.35,1.92,16.55,High income,78661.0,70324.26906654472,Europe,0.0,2.446636731295349,29.0,0.0,5217245.5,1.3544564709771532,0.0001509034574699,4.0,1.0,67.39505604774607,0.0128742758364175,207.0,12.0,0.1378308217277016,907.0,39308655.5117463,11.272902758846767,11.160872239653772,15.467480138593345,74.18840706418368,10.347147206442262
ISL,6452.0,1.75,4.4,9.6,20.94,8.42,36.57,High income,66945.0,102209.2931724683,Europe,0.0,5.8813924399955555,44.0,0.0,329881.3125,0.022119666409554362,0.0006052162095511,3.0,1.0,50.76368698990578,0.070354199850121,142.0,8.0,0.1271474666434115,1045.0,12815526.573376808,11.11162666573148,11.534777883855206,12.706488209658911,3.227508010874874,8.772145439245099
LIE,256.0,8.59,6.82,49.69,56.64,14.88,48.57,High income,173356.0,161.91660789819662,Europe,0.0,15.767272727272728,44.0,0.0,37536.26953125,6.318031546995812,0.0178210929342151,3.0,1.0,15.8914723285764,-0.123260575838197,42.0,6.0,0.2025,36.0,126746.61904399948,12.06310256257072,5.087081436634335,10.533062932034039,231.82470296592763,5.545177444479562
LTU,15084.0,0.27,2.0,2.0,35.11,2.29,31.29,High income,19455.0,65030.77380086922,Europe,0.0,0.3710143615054299,4.0,0.0,2810309.0,0.9297328196433192,0.0002961754140712,3.0,1.0,56.72126681238246,-0.0081198679268327,140.0,16.0,0.1462722852512155,885.0,23774861.872498084,9.875859385418654,11.082615879929252,14.848804999677098,43.21506320385252,9.621389858378247
LUX,6313.0,0.29,2.0,2.0,49.12,1.73,25.98,High income,114705.0,2582.2733426729646,Europe,0.0,2.352343918772953,8.0,1.0,569835.3125,7.628552283653846,0.0007190086268506,4.0,1.0,32.760825362223514,0.035215628203069,93.0,8.0,0.1774055317491235,176.0,3786940.0079389303,11.650118894146436,7.856425430510118,13.25310267262514,220.67195717946407,8.750366278367625
LVA,14066.0,0.31,2.0,2.0,33.39,2.75,25.11,High income,17836.0,64705.997807738626,Europe,0.0,0.3220317951562751,4.0,0.0,2375729.25,0.48322054679279486,0.0003122704620071,4.0,1.0,61.68006772268518,0.0465772968633307,158.0,10.0,0.1373164878599661,849.0,24913578.5424005,9.788974165747367,11.077609178012207,14.680815000951446,36.715750169853195,9.551515816867964
MCO,339.0,0.88,25.0,25.0,35.1,14.2,35.71,High income,185829.0,2.353956963596267,Europe,0.0,20.8,24.0,0.0,25327.14453125,58.40433247884115,0.0138192491133667,3.0,1.0,12.439403204109086,0.13398406222595,32.0,7.0,0.1916790490341753,14.0,46401.89728965155,12.132582174990773,0.8560977264263863,10.13963200593644,10759.391493953379,5.82600010738045
MDA,7215.0,0.8,2.0,2.0,40.42,3.15,24.61,Lower middle income,4499.0,33893.336446373294,Europe,0.0,2.1145991444735754,10.0,1.0,3717079.0,3.2733472054510955,0.0005448066261171,3.0,1.0,50.68823431381662,0.0692693598563006,140.0,8.0,0.1765336765336765,815.0,11479963.069599072,8.411610428841172,10.430973709043371,15.128448702752753,109.66990534795049,8.88391747120797
MKD,6709.0,1.24,2.0,2.0,33.91,3.48,30.02,Upper middle income,6093.0,24808.9918756569,Europe,0.0,8.78254112161637,40.0,1.0,2089456.625,1.059310134363088,0.0006528607396175,3.0,1.0,47.08097117730283,0.1108837717202442,120.0,10.0,0.1626180836707152,603.0,8373248.546389885,8.714895850248494,10.11896144206974,14.552414602099967,84.22174651321558,8.811205187562887
MLT,2880.0,0.42,2.0,2.0,54.58,2.92,19.7,High income,29416.0,323.13306136971994,Europe,0.0,2.1183294663573085,7.0,0.0,411232.59375,21.507715441035934,0.0015847066999528,3.0,1.0,31.814440199607017,0.062319654660317,93.0,8.0,0.2109579480020939,86.0,584811.6070079781,10.289294022981109,5.778064193097629,12.926914254938017,1272.6416542053523,7.965545573129992
MNE,1421.0,3.03,3.41,14.87,49.75,5.66,40.57,Upper middle income,8832.0,13331.845508449198,Europe,0.0,10.169754987915265,43.0,0.0,607080.25,0.8565902746077636,0.003481511970913,3.0,1.0,25.04425513774145,0.0606593024267193,76.0,8.0,0.1972982580874511,83.0,2955895.4296242334,9.086136768516877,9.497910851335376,13.316416268881238,45.53609998070083,7.259116128097101
NLD,108074.0,0.02,2.0,2.0,11.47,1.08,14.12,High income,52448.0,37666.903302140854,Europe,0.0,0.06596125949313081,5.0,0.0,17144836.0,12.666702115946672,4.596753920006592e-05,4.0,1.0,85.09593137862784,0.1902182305605078,253.0,8.0,0.1846984601745344,1166.0,43247816.90848991,10.867577481543556,10.536537091364355,16.657207578362424,455.1697776287744,11.590571456659344
POL,151980.0,0.01,2.0,2.0,11.83,1.03,16.99,High income,15595.0,312463.9209289624,Europe,0.0,0.7836828658385557,27.0,0.0,38992008.0,2.749451336512799,3.274496651923159e-05,4.0,1.0,112.20269354708194,-0.0248282956276447,277.0,12.0,0.1713107376069914,2799.0,150990375.28265852,9.654705629041903,12.65224428846606,17.478867260017395,124.78883284852813,11.931504212223777
PRT,99422.0,0.04,2.0,2.0,10.61,1.28,27.11,High income,23145.0,91989.72239742505,Europe,0.0,3.7588417457744847,49.0,0.0,10589129.0,3.6531408257164033,5.06565584093184e-05,4.0,1.0,87.31793173312434,0.0125167336090401,237.0,12.0,0.1788759628490823,3291.0,60419711.36760302,10.04953405346537,11.42943213671934,16.175338466791874,115.11208778575907,11.50712869612305
ROU,46520.0,0.09,2.0,2.0,22.73,2.11,23.41,High income,12920.0,238439.72113263997,Europe,0.0,3.6010217762606813,46.0,0.0,25283410.0,1.7807167066823855,9.65073698635096e-05,4.0,1.0,94.93249012404632,0.0280196729003861,238.0,11.0,0.1622519519452336,3319.0,70396037.49557905,9.466531777336593,12.381871815783775,17.0456590073867,106.03690475688515,10.747637606632601
SMR,423.0,4.73,4.17,13.73,67.14,7.53,42.58,High income,48481.0,61.22912750467138,Europe,0.0,5.75,11.0,0.0,33497.91796875,14.405205426897322,0.0103067664043273,3.0,1.0,16.662459491727784,0.03838138900466,53.0,4.0,0.248477466504263,21.0,138191.31268877332,10.788927247593167,4.114623015913757,10.419238565695188,547.0912184106221,6.0473721790462776
SRB,14215.0,0.3,2.23,3.96,27.11,2.28,21.07,Upper middle income,7402.0,78181.5565680294,Europe,0.0,3.9304491725768322,40.0,1.0,7019182.0,1.9381739298789074,0.0003409515067897,4.0,1.0,50.22659853009245,0.034566213854023,142.0,10.0,0.1801014948044326,480.0,20254159.161744133,8.909505512946101,11.266789049202842,15.764157244995996,89.78053530940235,9.5620530240851
SVK,15769.0,0.47,2.0,2.0,28.45,2.46,24.99,High income,19329.0,49089.029492995636,Europe,0.0,4.656144006482607,36.0,1.0,5431967.0,3.1227553035315525,0.0002668426281343,4.0,1.0,77.87963950642254,0.0633136807457096,217.0,8.0,0.1764014879592769,1433.0,19957970.294775877,9.869361837806752,10.801390856903433,15.50781187309176,110.65541641590349,9.665801266405587
SVN,7666.0,0.56,2.14,3.96,30.81,3.01,38.04,High income,25739.0,19966.597709720154,Europe,0.0,7.625011195032391,53.0,0.0,2151846.5,2.4491460724801573,0.0005746111948742,3.0,1.0,47.06663458558248,0.0358687206409441,142.0,8.0,0.1525997742213958,500.0,10239049.258616492,10.155762630356586,9.901816041826136,14.581836868723496,107.77231711101369,8.9445502459405
SWE,77392.0,0.06,2.0,2.0,14.19,2.71,36.55,High income,51610.0,449939.4390992,Europe,0.0,2.6322569495920467,45.0,0.0,9960313.0,0.5463613739089922,6.149840234315143e-05,4.0,1.0,124.67554974980293,0.0087582947505995,358.0,12.0,0.1385821161382258,2812.0,112649436.58344053,10.851470731142772,13.016868272910276,16.114119054769816,22.137008082556658,11.256638695062765
UKR,75501.0,0.1,2.31,7.76,19.05,3.03,24.71,Lower middle income,3659.0,602504.8649988109,Europe,0.0,1.0594543650420774,39.0,0.0,44133864.0,2.1997495698667864,5.662197355500728e-05,4.0,1.0,129.28975072285823,0.071006513660673,340.0,9.0,0.1314118919801596,6275.0,146907315.47593078,8.204945165019208,13.30885101900117,17.602737936895966,73.25063508007874,11.231901180182515
RUS,260683.0,0.17,4.96,41.6,8.68,3.85,45.45,Upper middle income,11585.0,18767331.869129494,Europe,0.0,2.8428788836195014,60.0,0.0,140938592.0,0.16782554614928208,1.605860619572608e-05,4.0,1.0,331.32359724400624,0.1181867049616832,1367.0,12.0,0.1306639583309692,25975.0,644012600.0897533,9.357466436866476,16.747628249770784,18.763834835746554,7.509783115831761,12.47106038874284
NOR,45616.0,0.34,4.99,28.51,14.87,3.97,30.73,High income,75420.0,325694.26534199296,Europe,0.0,7.98268655963187,58.0,0.0,5092908.0,0.3799805036824336,0.000104631975148,4.0,1.0,129.62728557305718,0.0233586842967492,471.0,18.0,0.1928246180963572,2964.0,51286491.81764931,11.230827770812349,12.69371438393091,15.44335954169416,15.637082202390724,10.728013811152453
ITA,356087.0,0.01,2.0,2.0,4.48,1.24,26.44,High income,33190.0,301258.6139324879,Europe,0.0,7.819737489538693,62.0,0.0,61023956.0,4.628775680468764,1.4154503890582074e-05,4.0,1.0,135.82957117309792,-0.0423342210142022,457.0,16.0,0.1964683774469153,6061.0,195439273.79774755,10.41000390471402,12.615724357344966,17.92677706635423,202.5633564578355,12.782930362000217
CAN,223572.0,0.1,4.07,49.21,6.91,3.88,49.21,High income,46195.0,10372618.54434799,North-America,0.0,3.289146971368341,82.0,0.0,35866196.0,0.09369169969307212,2.2082424961223383e-05,4.0,1.0,274.8646034540216,0.1074758243632781,821.0,16.0,0.1522161622526175,9095.0,344297768.02718604,10.740626846104846,16.154680059839013,17.395305794261166,3.457776437709973,12.317488788808355
GRL,108.0,13.89,12.62,37.74,57.41,17.64,43.25,High income,54471.0,2154641.829283569,North-America,0.0,3.1278734304959674,82.0,0.0,45277.25,1.600677240023619e-06,0.0434607645875251,3.0,1.0,9.940845070422537,-0.1268801662225042,27.0,8.0,0.1353383458646616,26.0,24729.62036067282,10.905423728938777,14.5831350631977,10.72055997781718,0.021013817417187594,4.68213122712422
MEX,275876.0,0.03,2.0,2.0,6.6,2.56,34.06,Upper middle income,9863.0,1976578.830688695,North-America,0.0,4.753729577647475,55.0,0.0,132351520.0,0.72275635165679,1.785248856072316e-05,4.0,1.0,192.17792295422703,0.1644096381385564,718.0,21.0,0.1084364257188894,9597.0,310392708.6907726,9.196545660953994,14.496878044904658,18.700971971271095,66.95989957247748,12.527706768382554
USA,79411.0,0.04,2.0,2.0,99.89,1.13,10.67,High income,65118.0,10135548.43329029,North-America,0.0,3.5111392637089764,86.0,0.0,334812352.0,1.4942538599424666,2.5201646939767524e-06,4.0,1.0,349.094447739049,0.1181373654095658,925.0,20.0,0.1195124835506652,42344.0,2246512380.9772425,11.08395628767407,16.13155944921034,19.629080789566903,33.0334716669407,11.282392176682402
AUS,218551.0,0.04,2.13,5.88,5.85,1.65,32.87,High income,54907.0,7884562.122102202,Oceania,0.0,0.8419852071546878,36.0,0.0,21139720.0,0.12063710903150003,2.3594582554294542e-05,4.0,1.0,145.48079091990166,0.0131155281167627,355.0,12.0,0.166354122557619,5029.0,318629738.9102234,10.913396123923341,15.88041724381281,16.866664293285538,2.681153331361371,12.294774675892981
NZL,21598.0,0.19,2.09,3.96,14.86,4.21,32.65,High income,42084.0,269109.0524129092,Oceania,0.0,8.109697109294023,56.0,0.0,4296204.5,0.40074630055944627,0.0002293579296898,3.0,1.0,77.26376496425625,-0.0145933036049056,241.0,10.0,0.1929967997383727,495.0,18279966.15917853,10.647422899928179,12.502871975736376,15.273242516458735,15.964548429266848,9.980355996792705
ARG,110573.0,0.05,2.0,2.0,12.54,2.82,19.17,Upper middle income,10006.0,2788217.5695466255,South-America,0.0,2.5611284413471918,61.0,0.0,44123060.0,0.17600009602227074,4.558329033036018e-05,4.0,1.0,130.2677867321767,0.0603255670876217,416.0,12.0,0.1380001270836422,3935.0,203534692.19307283,9.21094019204815,14.840913085675226,17.602493106245536,15.824826757394895,11.613431215301867
BOL,19440.0,0.9,5.45,28.51,17.48,6.75,37.41,Lower middle income,3552.0,1085775.7910499207,South-America,0.0,3.6462090725967924,61.0,1.0,11359487.0,0.05397277538061064,0.0002449562790213,4.0,1.0,77.27927877411882,0.1486646015524483,233.0,12.0,0.1388950357748764,1099.0,52342730.27054402,8.17526610411206,13.897805304247958,16.2455638117869,10.462092720832937,9.87508807801443
BRA,50577.0,0.03,2.83,5.88,7.97,2.33,16.46,Upper middle income,8717.0,8705313.825675724,South-America,0.0,1.536519852311565,45.0,0.0,210503056.0,0.23399311604680031,7.441162944913879e-06,4.0,1.0,334.60029126632253,0.1353121366109674,927.0,16.0,0.1507930236823352,18662.0,667610637.6181787,9.073030421011577,15.97944418173227,19.165010728796055,24.180984191418318,10.83125220648391
CHL,72843.0,0.13,2.21,5.88,10.63,6.57,49.45,High income,14896.0,758053.1752118956,South-America,0.0,9.598054079697235,64.0,0.0,19791484.0,0.1523366112243927,6.83865822151569e-05,4.0,1.0,212.9297914138361,0.1914192948707277,744.0,12.0,0.1207405569683061,2248.0,84178480.83504584,9.608847999516849,13.538508814158558,16.800762302134693,26.108305653449396,11.196061719154867
COL,47714.0,0.17,2.21,5.88,11.82,5.77,23.05,Upper middle income,6432.0,1139477.7793219604,South-America,0.0,3.929431900270067,59.0,0.0,59569544.0,0.13171769299109437,0.000107354625454,4.0,1.0,98.5924352833394,0.1117369041261479,244.0,16.0,0.1092244758496977,1207.0,60939586.91115141,8.769040810858803,13.946080627102104,17.902654994715743,52.27793387550437,10.772980134861644
ECU,24312.0,0.25,2.03,3.96,18.07,3.42,25.78,Upper middle income,6184.0,256814.08018880684,South-America,0.0,6.708126540509128,52.0,0.0,16943984.0,0.23987295693016913,0.0002016209872918,4.0,1.0,82.94558851463624,0.137683446311152,207.0,11.0,0.1235480464625132,1194.0,34739103.47841767,8.729720590267258,12.456107678690532,16.645423402535815,65.97762859241585,10.09872533459663
PER,47539.0,0.24,2.02,3.96,12.81,5.56,38.32,Upper middle income,6978.0,1294869.8023972346,South-America,0.0,6.951425849385033,67.0,0.0,34037164.0,0.08152057870454361,9.49835216007671e-05,3.0,1.0,117.58923462692282,0.177553928172321,372.0,16.0,0.088151299685278,3983.0,124015105.44815406,8.85051762174672,14.073920709372029,17.342963544450132,26.286167101113865,10.769305705774984
PRY,9960.0,0.32,3.02,22.85,20.29,5.23,30.89,Upper middle income,5415.0,399923.3754213821,South-America,0.0,0.45601415767540104,16.0,1.0,7218738.0,0.10605890422157836,0.0005213166427564,3.0,1.0,55.64824321787199,0.0830761687493957,128.0,14.0,0.1259293465712306,255.0,22198928.48046131,8.596928159435091,12.899028246293337,15.792190703347297,18.05030274210385,9.206332350578643
URY,9702.0,0.53,2.0,2.0,23.26,4.2,22.89,High income,16190.0,177422.2280659098,South-America,0.0,0.7972501188797262,11.0,0.0,3317817.5,0.27496234732015284,0.0005456181664867,4.0,1.0,56.84421364117401,0.0095514857623282,133.0,12.0,0.1635139008311837,279.0,12392929.117509289,9.69214904667168,12.086287640139732,15.014817745205942,18.70012306895097,9.180087328805161
VEN,31109.0,0.26,2.34,7.76,15.64,4.36,35.29,Upper middle income,16054.0,916634.6382576794,South-America,0.0,3.0947816955075185,56.0,0.0,30672824.0,0.22352570885627368,0.0001605547455735,3.0,1.0,81.39948457741069,0.1235911690725582,193.0,17.0,0.1303632320237212,790.0,48092456.84380984,9.683713318691522,13.728464240281694,17.23888760879977,33.46243172558074,10.34525244536991
